18,-9,awH1oOzFqIMIFl5zDj3+vnhsd2w=,cyUkP8CrTZmhTG7Pd+lbCKFG+IE=
17,-9,awH1oOzFqIMIFl5zDj3+vnhsd2w=,oM3JQCicjRZBJroCsSVlqsjMqV4=
17,-8,awH1oOzFqIMIFl5zDj3+vnhsd2w=,6LpBhXRnKLeJ97tUOFovdbEC9bw=
18,-8,awH1oOzFqIMIFl5zDj3+vnhsd2w=,yAAPxFZpSYNZI8wzQTiG7pgyE5I=
17,-11,awH1oOzFqIMIFl5zDj3+vnhsd2w=,8Kl6BAvRaJBmCFYie4/JudNz3Yg=
17,-10,awH1oOzFqIMIFl5zDj3+vnhsd2w=,oM3JQCicjRZBJroCsSVlqsjMqV4=
18,-10,awH1oOzFqIMIFl5zDj3+vnhsd2w=,cyUkP8CrTZmhTG7Pd+lbCKFG+IE=
18,-11,awH1oOzFqIMIFl5zDj3+vnhsd2w=,YuQr77E3aKD+/g5xKwuU5DdpAUw=
20,-13,awH1oOzFqIMIFl5zDj3+vnhsd2w=,bq8ek6YlCJwheCo6j2xgG0fDWMU=
19,-12,awH1oOzFqIMIFl5zDj3+vnhsd2w=,YuQr77E3aKD+/g5xKwuU5DdpAUw=
19,-13,awH1oOzFqIMIFl5zDj3+vnhsd2w=,d2aaG+tLCZWiyWT2I/iAl44cmyY=
19,-15,awH1oOzFqIMIFl5zDj3+vnhsd2w=,HYbgZutw/anTjxFa/ZX4K2zYNCY=
20,-12,awH1oOzFqIMIFl5zDj3+vnhsd2w=,X8WrrEaYpJvEHuCbCPolOuGoPas=
20,-15,awH1oOzFqIMIFl5zDj3+vnhsd2w=,stmjQDLDMKnf6qQ7hI54PBVpk9U=
20,-14,awH1oOzFqIMIFl5zDj3+vnhsd2w=,bq8ek6YlCJwheCo6j2xgG0fDWMU=
19,-14,awH1oOzFqIMIFl5zDj3+vnhsd2w=,d2aaG+tLCZWiyWT2I/iAl44cmyY=
19,-10,awH1oOzFqIMIFl5zDj3+vnhsd2w=,cyUkP8CrTZmhTG7Pd+lbCKFG+IE=
20,-10,awH1oOzFqIMIFl5zDj3+vnhsd2w=,J6mmnwpCkoAfYH0xhDXS8H5D8bc=
20,-11,awH1oOzFqIMIFl5zDj3+vnhsd2w=,X8WrrEaYpJvEHuCbCPolOuGoPas=
19,-11,awH1oOzFqIMIFl5zDj3+vnhsd2w=,YuQr77E3aKD+/g5xKwuU5DdpAUw=
22,-15,awH1oOzFqIMIFl5zDj3+vnhsd2w=,xpqWxd0vTSNZLdSPN9DFl6AMWnQ=
21,-15,awH1oOzFqIMIFl5zDj3+vnhsd2w=,stmjQDLDMKnf6qQ7hI54PBVpk9U=
22,-14,awH1oOzFqIMIFl5zDj3+vnhsd2w=,XsmKD+/c3DvpRVfkg1ivCseVIlI=
21,-14,awH1oOzFqIMIFl5zDj3+vnhsd2w=,bq8ek6YlCJwheCo6j2xgG0fDWMU=
21,-13,awH1oOzFqIMIFl5zDj3+vnhsd2w=,bq8ek6YlCJwheCo6j2xgG0fDWMU=
22,-13,awH1oOzFqIMIFl5zDj3+vnhsd2w=,XsmKD+/c3DvpRVfkg1ivCseVIlI=
21,-10,awH1oOzFqIMIFl5zDj3+vnhsd2w=,J6mmnwpCkoAfYH0xhDXS8H5D8bc=
22,-11,awH1oOzFqIMIFl5zDj3+vnhsd2w=,+jD4kfYQHqQQEXuiO/IJ889ZgGk=
21,-11,awH1oOzFqIMIFl5zDj3+vnhsd2w=,X8WrrEaYpJvEHuCbCPolOuGoPas=
21,-12,awH1oOzFqIMIFl5zDj3+vnhsd2w=,X8WrrEaYpJvEHuCbCPolOuGoPas=
22,-12,awH1oOzFqIMIFl5zDj3+vnhsd2w=,+jD4kfYQHqQQEXuiO/IJ889ZgGk=
22,-10,awH1oOzFqIMIFl5zDj3+vnhsd2w=,I2HbnToYZTxWXbN7cBSCl4S/Ffw=
23,-11,awH1oOzFqIMIFl5zDj3+vnhsd2w=,+jD4kfYQHqQQEXuiO/IJ889ZgGk=
24,-10,awH1oOzFqIMIFl5zDj3+vnhsd2w=,XCcPv4u53BeRk3ahH3cfJb24HlY=
24,-11,awH1oOzFqIMIFl5zDj3+vnhsd2w=,Cp26x4S+0lFz369V6PbAzis0wvw=
23,-10,awH1oOzFqIMIFl5zDj3+vnhsd2w=,I2HbnToYZTxWXbN7cBSCl4S/Ffw=
19,-16,awH1oOzFqIMIFl5zDj3+vnhsd2w=,HYbgZutw/anTjxFa/ZX4K2zYNCY=
22,-16,awH1oOzFqIMIFl5zDj3+vnhsd2w=,xpqWxd0vTSNZLdSPN9DFl6AMWnQ=
21,-16,awH1oOzFqIMIFl5zDj3+vnhsd2w=,stmjQDLDMKnf6qQ7hI54PBVpk9U=
16,-8,awH1oOzFqIMIFl5zDj3+vnhsd2w=,6LpBhXRnKLeJ97tUOFovdbEC9bw=
20,-16,awH1oOzFqIMIFl5zDj3+vnhsd2w=,stmjQDLDMKnf6qQ7hI54PBVpk9U=
16,-9,awH1oOzFqIMIFl5zDj3+vnhsd2w=,oM3JQCicjRZBJroCsSVlqsjMqV4=
16,-11,awH1oOzFqIMIFl5zDj3+vnhsd2w=,8Kl6BAvRaJBmCFYie4/JudNz3Yg=
16,-10,awH1oOzFqIMIFl5zDj3+vnhsd2w=,oM3JQCicjRZBJroCsSVlqsjMqV4=
25,-12,awH1oOzFqIMIFl5zDj3+vnhsd2w=,Cp26x4S+0lFz369V6PbAzis0wvw=
24,-13,awH1oOzFqIMIFl5zDj3+vnhsd2w=,76Qs5V575LP6cJ7IStl/Pgv4cwo=
26,-13,awH1oOzFqIMIFl5zDj3+vnhsd2w=,17+bRpEqLRaDVroY/Q2i05p+caA=
23,-13,awH1oOzFqIMIFl5zDj3+vnhsd2w=,XsmKD+/c3DvpRVfkg1ivCseVIlI=
25,-13,awH1oOzFqIMIFl5zDj3+vnhsd2w=,76Qs5V575LP6cJ7IStl/Pgv4cwo=
24,-12,awH1oOzFqIMIFl5zDj3+vnhsd2w=,Cp26x4S+0lFz369V6PbAzis0wvw=
23,-12,awH1oOzFqIMIFl5zDj3+vnhsd2w=,+jD4kfYQHqQQEXuiO/IJ889ZgGk=
23,-16,awH1oOzFqIMIFl5zDj3+vnhsd2w=,xpqWxd0vTSNZLdSPN9DFl6AMWnQ=
26,-14,awH1oOzFqIMIFl5zDj3+vnhsd2w=,17+bRpEqLRaDVroY/Q2i05p+caA=
23,-15,awH1oOzFqIMIFl5zDj3+vnhsd2w=,xpqWxd0vTSNZLdSPN9DFl6AMWnQ=
25,-16,awH1oOzFqIMIFl5zDj3+vnhsd2w=,0qaLfJWiLUFm6zX9GQ1mmCdpqN4=
24,-14,awH1oOzFqIMIFl5zDj3+vnhsd2w=,76Qs5V575LP6cJ7IStl/Pgv4cwo=
23,-14,awH1oOzFqIMIFl5zDj3+vnhsd2w=,XsmKD+/c3DvpRVfkg1ivCseVIlI=
26,-16,awH1oOzFqIMIFl5zDj3+vnhsd2w=,3gxWfGSwZYu2B/vi1je/XMX9umQ=
25,-15,awH1oOzFqIMIFl5zDj3+vnhsd2w=,0qaLfJWiLUFm6zX9GQ1mmCdpqN4=
25,-14,awH1oOzFqIMIFl5zDj3+vnhsd2w=,76Qs5V575LP6cJ7IStl/Pgv4cwo=
24,-15,awH1oOzFqIMIFl5zDj3+vnhsd2w=,0qaLfJWiLUFm6zX9GQ1mmCdpqN4=
26,-15,awH1oOzFqIMIFl5zDj3+vnhsd2w=,3gxWfGSwZYu2B/vi1je/XMX9umQ=
24,-16,awH1oOzFqIMIFl5zDj3+vnhsd2w=,0qaLfJWiLUFm6zX9GQ1mmCdpqN4=
17,-2,awH1oOzFqIMIFl5zDj3+vnhsd2w=,5iYnpGpGsTfcWyz6kKAzmiK65hw=
17,-3,awH1oOzFqIMIFl5zDj3+vnhsd2w=,OEUeuujfZWPpIEWV07Lg3EU+ZPQ=
19,-5,awH1oOzFqIMIFl5zDj3+vnhsd2w=,7N19vRg5O13NwuKZJYeezWqDwEI=
18,-16,awH1oOzFqIMIFl5zDj3+vnhsd2w=,HYbgZutw/anTjxFa/ZX4K2zYNCY=
24,-9,awH1oOzFqIMIFl5zDj3+vnhsd2w=,XCcPv4u53BeRk3ahH3cfJb24HlY=
23,-9,awH1oOzFqIMIFl5zDj3+vnhsd2w=,I2HbnToYZTxWXbN7cBSCl4S/Ffw=
25,-10,awH1oOzFqIMIFl5zDj3+vnhsd2w=,XCcPv4u53BeRk3ahH3cfJb24HlY=
25,-11,awH1oOzFqIMIFl5zDj3+vnhsd2w=,Cp26x4S+0lFz369V6PbAzis0wvw=
25,-9,awH1oOzFqIMIFl5zDj3+vnhsd2w=,XCcPv4u53BeRk3ahH3cfJb24HlY=
27,-15,awH1oOzFqIMIFl5zDj3+vnhsd2w=,3gxWfGSwZYu2B/vi1je/XMX9umQ=
27,-14,awH1oOzFqIMIFl5zDj3+vnhsd2w=,17+bRpEqLRaDVroY/Q2i05p+caA=
27,-16,awH1oOzFqIMIFl5zDj3+vnhsd2w=,3gxWfGSwZYu2B/vi1je/XMX9umQ=
27,-13,awH1oOzFqIMIFl5zDj3+vnhsd2w=,17+bRpEqLRaDVroY/Q2i05p+caA=
17,-1,awH1oOzFqIMIFl5zDj3+vnhsd2w=,5iYnpGpGsTfcWyz6kKAzmiK65hw=
16,-1,awH1oOzFqIMIFl5zDj3+vnhsd2w=,5iYnpGpGsTfcWyz6kKAzmiK65hw=
16,-2,awH1oOzFqIMIFl5zDj3+vnhsd2w=,5iYnpGpGsTfcWyz6kKAzmiK65hw=
16,-3,awH1oOzFqIMIFl5zDj3+vnhsd2w=,OEUeuujfZWPpIEWV07Lg3EU+ZPQ=
20,-7,awH1oOzFqIMIFl5zDj3+vnhsd2w=,d7H7e66eXoABUs3UC5SIIAHXPkc=
19,-6,awH1oOzFqIMIFl5zDj3+vnhsd2w=,7N19vRg5O13NwuKZJYeezWqDwEI=
19,-9,awH1oOzFqIMIFl5zDj3+vnhsd2w=,cyUkP8CrTZmhTG7Pd+lbCKFG+IE=
21,-8,awH1oOzFqIMIFl5zDj3+vnhsd2w=,d7H7e66eXoABUs3UC5SIIAHXPkc=
21,-7,awH1oOzFqIMIFl5zDj3+vnhsd2w=,d7H7e66eXoABUs3UC5SIIAHXPkc=
20,-9,awH1oOzFqIMIFl5zDj3+vnhsd2w=,J6mmnwpCkoAfYH0xhDXS8H5D8bc=
22,-9,awH1oOzFqIMIFl5zDj3+vnhsd2w=,I2HbnToYZTxWXbN7cBSCl4S/Ffw=
19,-8,awH1oOzFqIMIFl5zDj3+vnhsd2w=,yAAPxFZpSYNZI8wzQTiG7pgyE5I=
20,-8,awH1oOzFqIMIFl5zDj3+vnhsd2w=,d7H7e66eXoABUs3UC5SIIAHXPkc=
19,-7,awH1oOzFqIMIFl5zDj3+vnhsd2w=,yAAPxFZpSYNZI8wzQTiG7pgyE5I=
21,-9,awH1oOzFqIMIFl5zDj3+vnhsd2w=,J6mmnwpCkoAfYH0xhDXS8H5D8bc=
16,-12,awH1oOzFqIMIFl5zDj3+vnhsd2w=,8Kl6BAvRaJBmCFYie4/JudNz3Yg=
18,-15,awH1oOzFqIMIFl5zDj3+vnhsd2w=,HYbgZutw/anTjxFa/ZX4K2zYNCY=
17,-12,awH1oOzFqIMIFl5zDj3+vnhsd2w=,8Kl6BAvRaJBmCFYie4/JudNz3Yg=
17,-13,awH1oOzFqIMIFl5zDj3+vnhsd2w=,es1/ueEzCuv3URhg8YQOXB8XmRM=
16,-14,awH1oOzFqIMIFl5zDj3+vnhsd2w=,es1/ueEzCuv3URhg8YQOXB8XmRM=
18,-13,awH1oOzFqIMIFl5zDj3+vnhsd2w=,d2aaG+tLCZWiyWT2I/iAl44cmyY=
18,-5,awH1oOzFqIMIFl5zDj3+vnhsd2w=,7N19vRg5O13NwuKZJYeezWqDwEI=
16,-7,awH1oOzFqIMIFl5zDj3+vnhsd2w=,6LpBhXRnKLeJ97tUOFovdbEC9bw=
16,-4,awH1oOzFqIMIFl5zDj3+vnhsd2w=,OEUeuujfZWPpIEWV07Lg3EU+ZPQ=
17,-4,awH1oOzFqIMIFl5zDj3+vnhsd2w=,OEUeuujfZWPpIEWV07Lg3EU+ZPQ=
16,-13,awH1oOzFqIMIFl5zDj3+vnhsd2w=,es1/ueEzCuv3URhg8YQOXB8XmRM=
17,-14,awH1oOzFqIMIFl5zDj3+vnhsd2w=,es1/ueEzCuv3URhg8YQOXB8XmRM=
17,-7,awH1oOzFqIMIFl5zDj3+vnhsd2w=,6LpBhXRnKLeJ97tUOFovdbEC9bw=
18,-14,awH1oOzFqIMIFl5zDj3+vnhsd2w=,d2aaG+tLCZWiyWT2I/iAl44cmyY=
16,-6,awH1oOzFqIMIFl5zDj3+vnhsd2w=,/cpgFC6ZbB1w562CxeErJPPbuE0=
17,-5,awH1oOzFqIMIFl5zDj3+vnhsd2w=,/cpgFC6ZbB1w562CxeErJPPbuE0=
18,-6,awH1oOzFqIMIFl5zDj3+vnhsd2w=,7N19vRg5O13NwuKZJYeezWqDwEI=
18,-12,awH1oOzFqIMIFl5zDj3+vnhsd2w=,YuQr77E3aKD+/g5xKwuU5DdpAUw=
18,-7,awH1oOzFqIMIFl5zDj3+vnhsd2w=,yAAPxFZpSYNZI8wzQTiG7pgyE5I=
17,-6,awH1oOzFqIMIFl5zDj3+vnhsd2w=,/cpgFC6ZbB1w562CxeErJPPbuE0=
16,-5,awH1oOzFqIMIFl5zDj3+vnhsd2w=,/cpgFC6ZbB1w562CxeErJPPbuE0=
28,-20,awH1oOzFqIMIFl5zDj3+vnhsd2w=,gr0B8FMpgrOnI17FEEJ3d1QRRXM=
27,-21,awH1oOzFqIMIFl5zDj3+vnhsd2w=,RKY1rdVYfK1DJeJI2wS/0Uzr8nc=
27,-20,awH1oOzFqIMIFl5zDj3+vnhsd2w=,S/2FBofFfnJW0Og3E7YDjKTB/ZI=
28,-21,awH1oOzFqIMIFl5zDj3+vnhsd2w=,TrONgMeTtBLu/pwfwQzReCkwRD0=
26,-20,awH1oOzFqIMIFl5zDj3+vnhsd2w=,S/2FBofFfnJW0Og3E7YDjKTB/ZI=
26,-21,awH1oOzFqIMIFl5zDj3+vnhsd2w=,RKY1rdVYfK1DJeJI2wS/0Uzr8nc=
23,-21,awH1oOzFqIMIFl5zDj3+vnhsd2w=,kaFqYm1KhgARBAsrnDCbnPzkEaA=
25,-20,awH1oOzFqIMIFl5zDj3+vnhsd2w=,0T+RR/TgT6XHHKYe1fRfaPK55eY=
23,-20,awH1oOzFqIMIFl5zDj3+vnhsd2w=,zCSPISxP5YwYB0LgwZsEoOm9FLA=
24,-21,awH1oOzFqIMIFl5zDj3+vnhsd2w=,rgYHhnfnSCDdhpWHBUITNKuXWyA=
25,-21,awH1oOzFqIMIFl5zDj3+vnhsd2w=,rgYHhnfnSCDdhpWHBUITNKuXWyA=
24,-20,awH1oOzFqIMIFl5zDj3+vnhsd2w=,0T+RR/TgT6XHHKYe1fRfaPK55eY=
22,-21,awH1oOzFqIMIFl5zDj3+vnhsd2w=,kaFqYm1KhgARBAsrnDCbnPzkEaA=
22,-20,awH1oOzFqIMIFl5zDj3+vnhsd2w=,zCSPISxP5YwYB0LgwZsEoOm9FLA=
22,-23,awH1oOzFqIMIFl5zDj3+vnhsd2w=,6oQLgdS13q3wwZbuaq1Sa65rSh4=
22,-22,awH1oOzFqIMIFl5zDj3+vnhsd2w=,kaFqYm1KhgARBAsrnDCbnPzkEaA=
22,-19,awH1oOzFqIMIFl5zDj3+vnhsd2w=,zCSPISxP5YwYB0LgwZsEoOm9FLA=
23,-18,awH1oOzFqIMIFl5zDj3+vnhsd2w=,W7G8+gDL8OjmCs7rgAMJ/xvfxlI=
24,-18,awH1oOzFqIMIFl5zDj3+vnhsd2w=,MbM94wHdS9Mx6BVSDia+9vhtng8=
24,-19,awH1oOzFqIMIFl5zDj3+vnhsd2w=,0T+RR/TgT6XHHKYe1fRfaPK55eY=
21,-18,awH1oOzFqIMIFl5zDj3+vnhsd2w=,GGtD3NplIHvtRxiT1KEw3DcpWcQ=
23,-17,awH1oOzFqIMIFl5zDj3+vnhsd2w=,W7G8+gDL8OjmCs7rgAMJ/xvfxlI=
23,-19,awH1oOzFqIMIFl5zDj3+vnhsd2w=,zCSPISxP5YwYB0LgwZsEoOm9FLA=
22,-17,awH1oOzFqIMIFl5zDj3+vnhsd2w=,W7G8+gDL8OjmCs7rgAMJ/xvfxlI=
22,-18,awH1oOzFqIMIFl5zDj3+vnhsd2w=,W7G8+gDL8OjmCs7rgAMJ/xvfxlI=
24,-17,awH1oOzFqIMIFl5zDj3+vnhsd2w=,MbM94wHdS9Mx6BVSDia+9vhtng8=
21,-17,awH1oOzFqIMIFl5zDj3+vnhsd2w=,GGtD3NplIHvtRxiT1KEw3DcpWcQ=
25,-18,awH1oOzFqIMIFl5zDj3+vnhsd2w=,MbM94wHdS9Mx6BVSDia+9vhtng8=
28,-19,awH1oOzFqIMIFl5zDj3+vnhsd2w=,gr0B8FMpgrOnI17FEEJ3d1QRRXM=
25,-19,awH1oOzFqIMIFl5zDj3+vnhsd2w=,0T+RR/TgT6XHHKYe1fRfaPK55eY=
25,-17,awH1oOzFqIMIFl5zDj3+vnhsd2w=,MbM94wHdS9Mx6BVSDia+9vhtng8=
27,-17,awH1oOzFqIMIFl5zDj3+vnhsd2w=,Nb3cEC6AGMijoygOvbB+ccaiKpA=
26,-18,awH1oOzFqIMIFl5zDj3+vnhsd2w=,Nb3cEC6AGMijoygOvbB+ccaiKpA=
26,-19,awH1oOzFqIMIFl5zDj3+vnhsd2w=,S/2FBofFfnJW0Og3E7YDjKTB/ZI=
26,-17,awH1oOzFqIMIFl5zDj3+vnhsd2w=,Nb3cEC6AGMijoygOvbB+ccaiKpA=
27,-19,awH1oOzFqIMIFl5zDj3+vnhsd2w=,S/2FBofFfnJW0Og3E7YDjKTB/ZI=
27,-18,awH1oOzFqIMIFl5zDj3+vnhsd2w=,Nb3cEC6AGMijoygOvbB+ccaiKpA=
23,-23,awH1oOzFqIMIFl5zDj3+vnhsd2w=,6oQLgdS13q3wwZbuaq1Sa65rSh4=
25,-23,awH1oOzFqIMIFl5zDj3+vnhsd2w=,QjTTohL2v77pq6ydO7oH6cQGWtI=
25,-22,awH1oOzFqIMIFl5zDj3+vnhsd2w=,rgYHhnfnSCDdhpWHBUITNKuXWyA=
23,-22,awH1oOzFqIMIFl5zDj3+vnhsd2w=,kaFqYm1KhgARBAsrnDCbnPzkEaA=
26,-23,awH1oOzFqIMIFl5zDj3+vnhsd2w=,GW4z98blw8xi/ulEoUd1ZXgFHrg=
24,-22,awH1oOzFqIMIFl5zDj3+vnhsd2w=,rgYHhnfnSCDdhpWHBUITNKuXWyA=
26,-22,awH1oOzFqIMIFl5zDj3+vnhsd2w=,RKY1rdVYfK1DJeJI2wS/0Uzr8nc=
24,-23,awH1oOzFqIMIFl5zDj3+vnhsd2w=,QjTTohL2v77pq6ydO7oH6cQGWtI=
25,-24,awH1oOzFqIMIFl5zDj3+vnhsd2w=,QjTTohL2v77pq6ydO7oH6cQGWtI=
26,-24,awH1oOzFqIMIFl5zDj3+vnhsd2w=,GW4z98blw8xi/ulEoUd1ZXgFHrg=
26,-25,awH1oOzFqIMIFl5zDj3+vnhsd2w=,Lt6LhBQzYh54wwV+RfJSgWyoJXE=
25,-25,awH1oOzFqIMIFl5zDj3+vnhsd2w=,o+WgjV/Yqy4RaZYr+jI1L8Z1Av4=
25,-27,awH1oOzFqIMIFl5zDj3+vnhsd2w=,nsW7KShYIAowtte+tTWZxCCNLUo=
26,-26,awH1oOzFqIMIFl5zDj3+vnhsd2w=,Lt6LhBQzYh54wwV+RfJSgWyoJXE=
25,-26,awH1oOzFqIMIFl5zDj3+vnhsd2w=,o+WgjV/Yqy4RaZYr+jI1L8Z1Av4=
26,-27,awH1oOzFqIMIFl5zDj3+vnhsd2w=,xIIBcBNyjXQasrT3oMZzh9aJpew=
29,-21,awH1oOzFqIMIFl5zDj3+vnhsd2w=,TrONgMeTtBLu/pwfwQzReCkwRD0=
29,-20,awH1oOzFqIMIFl5zDj3+vnhsd2w=,gr0B8FMpgrOnI17FEEJ3d1QRRXM=
24,-28,awH1oOzFqIMIFl5zDj3+vnhsd2w=,nsW7KShYIAowtte+tTWZxCCNLUo=
26,-28,awH1oOzFqIMIFl5zDj3+vnhsd2w=,xIIBcBNyjXQasrT3oMZzh9aJpew=
25,-28,awH1oOzFqIMIFl5zDj3+vnhsd2w=,nsW7KShYIAowtte+tTWZxCCNLUo=
29,-24,awH1oOzFqIMIFl5zDj3+vnhsd2w=,CHCPtzAicJCYj5VAxkBFXgeWEHM=
29,-23,awH1oOzFqIMIFl5zDj3+vnhsd2w=,CHCPtzAicJCYj5VAxkBFXgeWEHM=
29,-22,awH1oOzFqIMIFl5zDj3+vnhsd2w=,TrONgMeTtBLu/pwfwQzReCkwRD0=
29,-25,awH1oOzFqIMIFl5zDj3+vnhsd2w=,WPHwAr0CICeuAJI05Gf2nqYTtmw=
29,-19,awH1oOzFqIMIFl5zDj3+vnhsd2w=,gr0B8FMpgrOnI17FEEJ3d1QRRXM=
20,-18,awH1oOzFqIMIFl5zDj3+vnhsd2w=,GGtD3NplIHvtRxiT1KEw3DcpWcQ=
27,-24,awH1oOzFqIMIFl5zDj3+vnhsd2w=,GW4z98blw8xi/ulEoUd1ZXgFHrg=
27,-23,awH1oOzFqIMIFl5zDj3+vnhsd2w=,GW4z98blw8xi/ulEoUd1ZXgFHrg=
27,-22,awH1oOzFqIMIFl5zDj3+vnhsd2w=,RKY1rdVYfK1DJeJI2wS/0Uzr8nc=
20,-17,awH1oOzFqIMIFl5zDj3+vnhsd2w=,GGtD3NplIHvtRxiT1KEw3DcpWcQ=
27,-25,awH1oOzFqIMIFl5zDj3+vnhsd2w=,Lt6LhBQzYh54wwV+RfJSgWyoJXE=
28,-24,awH1oOzFqIMIFl5zDj3+vnhsd2w=,CHCPtzAicJCYj5VAxkBFXgeWEHM=
28,-23,awH1oOzFqIMIFl5zDj3+vnhsd2w=,CHCPtzAicJCYj5VAxkBFXgeWEHM=
28,-25,awH1oOzFqIMIFl5zDj3+vnhsd2w=,WPHwAr0CICeuAJI05Gf2nqYTtmw=
28,-22,awH1oOzFqIMIFl5zDj3+vnhsd2w=,TrONgMeTtBLu/pwfwQzReCkwRD0=
27,-28,awH1oOzFqIMIFl5zDj3+vnhsd2w=,xIIBcBNyjXQasrT3oMZzh9aJpew=
28,-28,awH1oOzFqIMIFl5zDj3+vnhsd2w=,Uo5xXiT2UvyKVHB8igUJ910+9G8=
28,-27,awH1oOzFqIMIFl5zDj3+vnhsd2w=,Uo5xXiT2UvyKVHB8igUJ910+9G8=
27,-27,awH1oOzFqIMIFl5zDj3+vnhsd2w=,xIIBcBNyjXQasrT3oMZzh9aJpew=
28,-26,awH1oOzFqIMIFl5zDj3+vnhsd2w=,WPHwAr0CICeuAJI05Gf2nqYTtmw=
27,-26,awH1oOzFqIMIFl5zDj3+vnhsd2w=,Lt6LhBQzYh54wwV+RfJSgWyoJXE=
22,-26,awH1oOzFqIMIFl5zDj3+vnhsd2w=,KY4Huf7uUB+6zuaCPBU3pu5AnjY=
22,-25,awH1oOzFqIMIFl5zDj3+vnhsd2w=,KY4Huf7uUB+6zuaCPBU3pu5AnjY=
22,-24,awH1oOzFqIMIFl5zDj3+vnhsd2w=,6oQLgdS13q3wwZbuaq1Sa65rSh4=
23,-24,awH1oOzFqIMIFl5zDj3+vnhsd2w=,6oQLgdS13q3wwZbuaq1Sa65rSh4=
23,-25,awH1oOzFqIMIFl5zDj3+vnhsd2w=,KY4Huf7uUB+6zuaCPBU3pu5AnjY=
23,-26,awH1oOzFqIMIFl5zDj3+vnhsd2w=,KY4Huf7uUB+6zuaCPBU3pu5AnjY=
24,-27,awH1oOzFqIMIFl5zDj3+vnhsd2w=,nsW7KShYIAowtte+tTWZxCCNLUo=
24,-24,awH1oOzFqIMIFl5zDj3+vnhsd2w=,QjTTohL2v77pq6ydO7oH6cQGWtI=
24,-25,awH1oOzFqIMIFl5zDj3+vnhsd2w=,o+WgjV/Yqy4RaZYr+jI1L8Z1Av4=
24,-26,awH1oOzFqIMIFl5zDj3+vnhsd2w=,o+WgjV/Yqy4RaZYr+jI1L8Z1Av4=
30,-28,awH1oOzFqIMIFl5zDj3+vnhsd2w=,RrBA3RIkjjyPxVloEpoJLM99jI0=
29,-26,awH1oOzFqIMIFl5zDj3+vnhsd2w=,WPHwAr0CICeuAJI05Gf2nqYTtmw=
29,-28,awH1oOzFqIMIFl5zDj3+vnhsd2w=,Uo5xXiT2UvyKVHB8igUJ910+9G8=
29,-27,awH1oOzFqIMIFl5zDj3+vnhsd2w=,Uo5xXiT2UvyKVHB8igUJ910+9G8=
31,-28,awH1oOzFqIMIFl5zDj3+vnhsd2w=,RrBA3RIkjjyPxVloEpoJLM99jI0=
31,-27,awH1oOzFqIMIFl5zDj3+vnhsd2w=,RrBA3RIkjjyPxVloEpoJLM99jI0=
30,-27,awH1oOzFqIMIFl5zDj3+vnhsd2w=,RrBA3RIkjjyPxVloEpoJLM99jI0=
3,-5,4Zvo7gqHK7fHRUQWYLBXMZtPRwY=,T3fzRRQ+k94WJgIaAA6spoO3c90=
4,-5,4Zvo7gqHK7fHRUQWYLBXMZtPRwY=,GRdvLT/8s+GHk2jOKnTg7YSM4eI=
4,-4,4Zvo7gqHK7fHRUQWYLBXMZtPRwY=,WW/DA5HoJe18Z3GT829l0zC2A1I=
3,-4,4Zvo7gqHK7fHRUQWYLBXMZtPRwY=,dqKwU/UaAbO6CrtsZtH05gnKyQA=
1,-3,4Zvo7gqHK7fHRUQWYLBXMZtPRwY=,8K3K7+/rYiqSOvvIuqT0hzGK0Qw=
1,-2,4Zvo7gqHK7fHRUQWYLBXMZtPRwY=,eu3jG1jQgKv+mlqWSpxrrJHak8c=
2,-3,4Zvo7gqHK7fHRUQWYLBXMZtPRwY=,dqKwU/UaAbO6CrtsZtH05gnKyQA=
2,-2,4Zvo7gqHK7fHRUQWYLBXMZtPRwY=,TqNfkC7si4EMhCJJfaxqHdtU4N0=
6,-5,4Zvo7gqHK7fHRUQWYLBXMZtPRwY=,6lUlduGXRcXjnbPjV8E330GLTbk=
5,-5,4Zvo7gqHK7fHRUQWYLBXMZtPRwY=,GRdvLT/8s+GHk2jOKnTg7YSM4eI=
5,-4,4Zvo7gqHK7fHRUQWYLBXMZtPRwY=,WW/DA5HoJe18Z3GT829l0zC2A1I=
6,-4,4Zvo7gqHK7fHRUQWYLBXMZtPRwY=,FzmB6nHEW6gD2KCLKYCyMWpKyEM=
4,-3,4Zvo7gqHK7fHRUQWYLBXMZtPRwY=,WW/DA5HoJe18Z3GT829l0zC2A1I=
4,-2,4Zvo7gqHK7fHRUQWYLBXMZtPRwY=,TKQueQlzqibenRtbVKaUCld0P0I=
3,-3,4Zvo7gqHK7fHRUQWYLBXMZtPRwY=,dqKwU/UaAbO6CrtsZtH05gnKyQA=
3,-2,4Zvo7gqHK7fHRUQWYLBXMZtPRwY=,TqNfkC7si4EMhCJJfaxqHdtU4N0=
5,-3,4Zvo7gqHK7fHRUQWYLBXMZtPRwY=,WW/DA5HoJe18Z3GT829l0zC2A1I=
5,-2,4Zvo7gqHK7fHRUQWYLBXMZtPRwY=,TKQueQlzqibenRtbVKaUCld0P0I=
6,-2,4Zvo7gqHK7fHRUQWYLBXMZtPRwY=,sV1WVD2ZkNj7vJKibsWSKKzzXQk=
6,-3,4Zvo7gqHK7fHRUQWYLBXMZtPRwY=,FzmB6nHEW6gD2KCLKYCyMWpKyEM=
5,-7,4Zvo7gqHK7fHRUQWYLBXMZtPRwY=,1ZUU/7PltYrcAsI/8zHDcRb/Ar8=
5,-6,4Zvo7gqHK7fHRUQWYLBXMZtPRwY=,GRdvLT/8s+GHk2jOKnTg7YSM4eI=
6,-7,4Zvo7gqHK7fHRUQWYLBXMZtPRwY=,pwWJm15f14ooXTobrK46Q/4RWBo=
6,-6,4Zvo7gqHK7fHRUQWYLBXMZtPRwY=,6lUlduGXRcXjnbPjV8E330GLTbk=
9,-8,4Zvo7gqHK7fHRUQWYLBXMZtPRwY=,WJo8flsaaeuWCY+zGKhz2zVolWg=
10,-8,4Zvo7gqHK7fHRUQWYLBXMZtPRwY=,qOBvyQTO7QsxhbBpW54hmUufbSI=
10,-9,4Zvo7gqHK7fHRUQWYLBXMZtPRwY=,1b2mwwYzEI00/cYLLrBWEOlUokA=
7,-9,4Zvo7gqHK7fHRUQWYLBXMZtPRwY=,UjSjnHkdVJgAalXt4WqsKJxBftA=
9,-9,4Zvo7gqHK7fHRUQWYLBXMZtPRwY=,w17IZZZSRZWGH1FcYJyHfGoWLLI=
8,-8,4Zvo7gqHK7fHRUQWYLBXMZtPRwY=,WJo8flsaaeuWCY+zGKhz2zVolWg=
8,-9,4Zvo7gqHK7fHRUQWYLBXMZtPRwY=,w17IZZZSRZWGH1FcYJyHfGoWLLI=
7,-8,4Zvo7gqHK7fHRUQWYLBXMZtPRwY=,pwWJm15f14ooXTobrK46Q/4RWBo=
8,-6,4Zvo7gqHK7fHRUQWYLBXMZtPRwY=,UxXsfE0pVotRLZw/BgndE9pgFZA=
8,-4,4Zvo7gqHK7fHRUQWYLBXMZtPRwY=,cA+COcfnyklGF5Jhei3CwhYYj3g=
8,-5,4Zvo7gqHK7fHRUQWYLBXMZtPRwY=,UxXsfE0pVotRLZw/BgndE9pgFZA=
8,-7,4Zvo7gqHK7fHRUQWYLBXMZtPRwY=,WJo8flsaaeuWCY+zGKhz2zVolWg=
7,-6,4Zvo7gqHK7fHRUQWYLBXMZtPRwY=,6lUlduGXRcXjnbPjV8E330GLTbk=
7,-4,4Zvo7gqHK7fHRUQWYLBXMZtPRwY=,FzmB6nHEW6gD2KCLKYCyMWpKyEM=
7,-5,4Zvo7gqHK7fHRUQWYLBXMZtPRwY=,6lUlduGXRcXjnbPjV8E330GLTbk=
7,-7,4Zvo7gqHK7fHRUQWYLBXMZtPRwY=,pwWJm15f14ooXTobrK46Q/4RWBo=
8,-2,4Zvo7gqHK7fHRUQWYLBXMZtPRwY=,R+OGRlramRmrRCwjvh/t5MPJU0g=
8,-3,4Zvo7gqHK7fHRUQWYLBXMZtPRwY=,cA+COcfnyklGF5Jhei3CwhYYj3g=
7,-2,4Zvo7gqHK7fHRUQWYLBXMZtPRwY=,sV1WVD2ZkNj7vJKibsWSKKzzXQk=
7,-3,4Zvo7gqHK7fHRUQWYLBXMZtPRwY=,FzmB6nHEW6gD2KCLKYCyMWpKyEM=
9,-7,4Zvo7gqHK7fHRUQWYLBXMZtPRwY=,WJo8flsaaeuWCY+zGKhz2zVolWg=
10,-7,4Zvo7gqHK7fHRUQWYLBXMZtPRwY=,qOBvyQTO7QsxhbBpW54hmUufbSI=
9,-6,4Zvo7gqHK7fHRUQWYLBXMZtPRwY=,UxXsfE0pVotRLZw/BgndE9pgFZA=
10,-5,4Zvo7gqHK7fHRUQWYLBXMZtPRwY=,M8fqvfSePi6OZXW3F9czaFz4wXY=
10,-6,4Zvo7gqHK7fHRUQWYLBXMZtPRwY=,M8fqvfSePi6OZXW3F9czaFz4wXY=
9,-4,4Zvo7gqHK7fHRUQWYLBXMZtPRwY=,cA+COcfnyklGF5Jhei3CwhYYj3g=
10,-4,4Zvo7gqHK7fHRUQWYLBXMZtPRwY=,utcjmuoZ/rYaZPFIaD4BxT4Oo3M=
9,-5,4Zvo7gqHK7fHRUQWYLBXMZtPRwY=,UxXsfE0pVotRLZw/BgndE9pgFZA=
11,-4,4Zvo7gqHK7fHRUQWYLBXMZtPRwY=,utcjmuoZ/rYaZPFIaD4BxT4Oo3M=
12,-5,4Zvo7gqHK7fHRUQWYLBXMZtPRwY=,1mKDMJD4v6YQSNelEOyTU0IMvjE=
12,-4,4Zvo7gqHK7fHRUQWYLBXMZtPRwY=,DL1tAQqFSUwWBphT/Q5DiPXI/I8=
11,-5,4Zvo7gqHK7fHRUQWYLBXMZtPRwY=,M8fqvfSePi6OZXW3F9czaFz4wXY=
11,-3,4Zvo7gqHK7fHRUQWYLBXMZtPRwY=,utcjmuoZ/rYaZPFIaD4BxT4Oo3M=
10,-3,4Zvo7gqHK7fHRUQWYLBXMZtPRwY=,utcjmuoZ/rYaZPFIaD4BxT4Oo3M=
9,-3,4Zvo7gqHK7fHRUQWYLBXMZtPRwY=,cA+COcfnyklGF5Jhei3CwhYYj3g=
9,-2,4Zvo7gqHK7fHRUQWYLBXMZtPRwY=,R+OGRlramRmrRCwjvh/t5MPJU0g=
10,-2,4Zvo7gqHK7fHRUQWYLBXMZtPRwY=,XIyS92jkX51Tw3I9Uap+8pk8Bi0=
12,-3,4Zvo7gqHK7fHRUQWYLBXMZtPRwY=,DL1tAQqFSUwWBphT/Q5DiPXI/I8=
11,-2,4Zvo7gqHK7fHRUQWYLBXMZtPRwY=,XIyS92jkX51Tw3I9Uap+8pk8Bi0=
12,-2,4Zvo7gqHK7fHRUQWYLBXMZtPRwY=,kVr1uH6DNB/KPGtLFAtiPeRxWq4=
14,-2,4Zvo7gqHK7fHRUQWYLBXMZtPRwY=,1cAnFVkOgm+oHv5StqDk85wYtYI=
14,-4,4Zvo7gqHK7fHRUQWYLBXMZtPRwY=,Cf/X4VoBOwzujmeXY0a9TY8AffM=
13,-5,4Zvo7gqHK7fHRUQWYLBXMZtPRwY=,1mKDMJD4v6YQSNelEOyTU0IMvjE=
14,-5,4Zvo7gqHK7fHRUQWYLBXMZtPRwY=,KdiOfoRmvrlnynZBkZNA/yR2Zq0=
13,-4,4Zvo7gqHK7fHRUQWYLBXMZtPRwY=,DL1tAQqFSUwWBphT/Q5DiPXI/I8=
13,-2,4Zvo7gqHK7fHRUQWYLBXMZtPRwY=,kVr1uH6DNB/KPGtLFAtiPeRxWq4=
13,-3,4Zvo7gqHK7fHRUQWYLBXMZtPRwY=,DL1tAQqFSUwWBphT/Q5DiPXI/I8=
14,-3,4Zvo7gqHK7fHRUQWYLBXMZtPRwY=,Cf/X4VoBOwzujmeXY0a9TY8AffM=
11,-9,4Zvo7gqHK7fHRUQWYLBXMZtPRwY=,1b2mwwYzEI00/cYLLrBWEOlUokA=
11,-8,4Zvo7gqHK7fHRUQWYLBXMZtPRwY=,qOBvyQTO7QsxhbBpW54hmUufbSI=
11,-7,4Zvo7gqHK7fHRUQWYLBXMZtPRwY=,qOBvyQTO7QsxhbBpW54hmUufbSI=
11,-6,4Zvo7gqHK7fHRUQWYLBXMZtPRwY=,M8fqvfSePi6OZXW3F9czaFz4wXY=
13,-6,4Zvo7gqHK7fHRUQWYLBXMZtPRwY=,1mKDMJD4v6YQSNelEOyTU0IMvjE=
12,-9,4Zvo7gqHK7fHRUQWYLBXMZtPRwY=,o8FD89yXOoVjpCpbVEyrHh63nB0=
12,-8,4Zvo7gqHK7fHRUQWYLBXMZtPRwY=,gkLo5hJXGNt867Q5JeP+23Lbo1E=
12,-7,4Zvo7gqHK7fHRUQWYLBXMZtPRwY=,gkLo5hJXGNt867Q5JeP+23Lbo1E=
14,-6,4Zvo7gqHK7fHRUQWYLBXMZtPRwY=,KdiOfoRmvrlnynZBkZNA/yR2Zq0=
13,-7,4Zvo7gqHK7fHRUQWYLBXMZtPRwY=,gkLo5hJXGNt867Q5JeP+23Lbo1E=
12,-6,4Zvo7gqHK7fHRUQWYLBXMZtPRwY=,1mKDMJD4v6YQSNelEOyTU0IMvjE=
14,-7,4Zvo7gqHK7fHRUQWYLBXMZtPRwY=,q4vGHzcDITg0Cgei3+ytYqLK5Dc=
14,-12,4Zvo7gqHK7fHRUQWYLBXMZtPRwY=,pmtCactV6WlU0ju+aLC+tptKuaI=
13,-12,4Zvo7gqHK7fHRUQWYLBXMZtPRwY=,yCw6dgA9ghdJseYbWd/n212T/is=
14,-13,sgZ2+/UiB+haYwH5SAq15v+Y7a0=,/dpxceshWrd+JB9NHa6zrBcBb3E=
13,-10,sgZ2+/UiB+haYwH5SAq15v+Y7a0=,o8FD89yXOoVjpCpbVEyrHh63nB0=
13,-13,sgZ2+/UiB+haYwH5SAq15v+Y7a0=,wFkkuoGT/MGSiet/RSZVjnwBqxQ=
15,-10,sgZ2+/UiB+haYwH5SAq15v+Y7a0=,d6hiG06k2sLcsd758XA3srju1lk=
15,-11,sgZ2+/UiB+haYwH5SAq15v+Y7a0=,pmtCactV6WlU0ju+aLC+tptKuaI=
13,-9,sgZ2+/UiB+haYwH5SAq15v+Y7a0=,o8FD89yXOoVjpCpbVEyrHh63nB0=
15,-8,sgZ2+/UiB+haYwH5SAq15v+Y7a0=,q4vGHzcDITg0Cgei3+ytYqLK5Dc=
14,-10,sgZ2+/UiB+haYwH5SAq15v+Y7a0=,d6hiG06k2sLcsd758XA3srju1lk=
13,-11,sgZ2+/UiB+haYwH5SAq15v+Y7a0=,yCw6dgA9ghdJseYbWd/n212T/is=
14,-11,sgZ2+/UiB+haYwH5SAq15v+Y7a0=,pmtCactV6WlU0ju+aLC+tptKuaI=
13,-8,sgZ2+/UiB+haYwH5SAq15v+Y7a0=,gkLo5hJXGNt867Q5JeP+23Lbo1E=
15,-9,sgZ2+/UiB+haYwH5SAq15v+Y7a0=,d6hiG06k2sLcsd758XA3srju1lk=
14,-8,sgZ2+/UiB+haYwH5SAq15v+Y7a0=,q4vGHzcDITg0Cgei3+ytYqLK5Dc=
14,-9,sgZ2+/UiB+haYwH5SAq15v+Y7a0=,d6hiG06k2sLcsd758XA3srju1lk=
1,-1,sgZ2+/UiB+haYwH5SAq15v+Y7a0=,eu3jG1jQgKv+mlqWSpxrrJHak8c=
10,-12,sgZ2+/UiB+haYwH5SAq15v+Y7a0=,po3EcBnR1GtiXLOczmevS5OOKnU=
2,-1,sgZ2+/UiB+haYwH5SAq15v+Y7a0=,TqNfkC7si4EMhCJJfaxqHdtU4N0=
8,-1,sgZ2+/UiB+haYwH5SAq15v+Y7a0=,R+OGRlramRmrRCwjvh/t5MPJU0g=
6,-1,sgZ2+/UiB+haYwH5SAq15v+Y7a0=,sV1WVD2ZkNj7vJKibsWSKKzzXQk=
7,-1,sgZ2+/UiB+haYwH5SAq15v+Y7a0=,sV1WVD2ZkNj7vJKibsWSKKzzXQk=
10,-1,sgZ2+/UiB+haYwH5SAq15v+Y7a0=,XIyS92jkX51Tw3I9Uap+8pk8Bi0=
5,-1,sgZ2+/UiB+haYwH5SAq15v+Y7a0=,TKQueQlzqibenRtbVKaUCld0P0I=
11,-10,sgZ2+/UiB+haYwH5SAq15v+Y7a0=,1b2mwwYzEI00/cYLLrBWEOlUokA=
4,-1,sgZ2+/UiB+haYwH5SAq15v+Y7a0=,TKQueQlzqibenRtbVKaUCld0P0I=
11,-12,sgZ2+/UiB+haYwH5SAq15v+Y7a0=,po3EcBnR1GtiXLOczmevS5OOKnU=
9,-1,sgZ2+/UiB+haYwH5SAq15v+Y7a0=,R+OGRlramRmrRCwjvh/t5MPJU0g=
3,-1,sgZ2+/UiB+haYwH5SAq15v+Y7a0=,TqNfkC7si4EMhCJJfaxqHdtU4N0=
10,-10,sgZ2+/UiB+haYwH5SAq15v+Y7a0=,1b2mwwYzEI00/cYLLrBWEOlUokA=
12,-13,sgZ2+/UiB+haYwH5SAq15v+Y7a0=,wFkkuoGT/MGSiet/RSZVjnwBqxQ=
12,-11,sgZ2+/UiB+haYwH5SAq15v+Y7a0=,yCw6dgA9ghdJseYbWd/n212T/is=
13,-1,sgZ2+/UiB+haYwH5SAq15v+Y7a0=,kVr1uH6DNB/KPGtLFAtiPeRxWq4=
12,-10,sgZ2+/UiB+haYwH5SAq15v+Y7a0=,o8FD89yXOoVjpCpbVEyrHh63nB0=
12,-1,sgZ2+/UiB+haYwH5SAq15v+Y7a0=,kVr1uH6DNB/KPGtLFAtiPeRxWq4=
10,-11,sgZ2+/UiB+haYwH5SAq15v+Y7a0=,po3EcBnR1GtiXLOczmevS5OOKnU=
12,-12,sgZ2+/UiB+haYwH5SAq15v+Y7a0=,yCw6dgA9ghdJseYbWd/n212T/is=
11,-11,sgZ2+/UiB+haYwH5SAq15v+Y7a0=,po3EcBnR1GtiXLOczmevS5OOKnU=
15,-14,sgZ2+/UiB+haYwH5SAq15v+Y7a0=,/dpxceshWrd+JB9NHa6zrBcBb3E=
15,-12,sgZ2+/UiB+haYwH5SAq15v+Y7a0=,pmtCactV6WlU0ju+aLC+tptKuaI=
14,-1,sgZ2+/UiB+haYwH5SAq15v+Y7a0=,1cAnFVkOgm+oHv5StqDk85wYtYI=
15,-2,sgZ2+/UiB+haYwH5SAq15v+Y7a0=,1cAnFVkOgm+oHv5StqDk85wYtYI=
15,-5,sgZ2+/UiB+haYwH5SAq15v+Y7a0=,KdiOfoRmvrlnynZBkZNA/yR2Zq0=
15,-6,sgZ2+/UiB+haYwH5SAq15v+Y7a0=,KdiOfoRmvrlnynZBkZNA/yR2Zq0=
15,-7,sgZ2+/UiB+haYwH5SAq15v+Y7a0=,q4vGHzcDITg0Cgei3+ytYqLK5Dc=
15,-13,sgZ2+/UiB+haYwH5SAq15v+Y7a0=,/dpxceshWrd+JB9NHa6zrBcBb3E=
11,-1,sgZ2+/UiB+haYwH5SAq15v+Y7a0=,XIyS92jkX51Tw3I9Uap+8pk8Bi0=
9,-10,sgZ2+/UiB+haYwH5SAq15v+Y7a0=,w17IZZZSRZWGH1FcYJyHfGoWLLI=
15,-4,sgZ2+/UiB+haYwH5SAq15v+Y7a0=,Cf/X4VoBOwzujmeXY0a9TY8AffM=
15,-3,sgZ2+/UiB+haYwH5SAq15v+Y7a0=,Cf/X4VoBOwzujmeXY0a9TY8AffM=
6,-9,sgZ2+/UiB+haYwH5SAq15v+Y7a0=,UjSjnHkdVJgAalXt4WqsKJxBftA=
6,-8,sgZ2+/UiB+haYwH5SAq15v+Y7a0=,pwWJm15f14ooXTobrK46Q/4RWBo=
5,-8,sgZ2+/UiB+haYwH5SAq15v+Y7a0=,1ZUU/7PltYrcAsI/8zHDcRb/Ar8=
0,-2,sgZ2+/UiB+haYwH5SAq15v+Y7a0=,eu3jG1jQgKv+mlqWSpxrrJHak8c=
0,-3,sgZ2+/UiB+haYwH5SAq15v+Y7a0=,8K3K7+/rYiqSOvvIuqT0hzGK0Qw=
13,-14,sgZ2+/UiB+haYwH5SAq15v+Y7a0=,wFkkuoGT/MGSiet/RSZVjnwBqxQ=
14,-14,sgZ2+/UiB+haYwH5SAq15v+Y7a0=,/dpxceshWrd+JB9NHa6zrBcBb3E=
12,-14,sgZ2+/UiB+haYwH5SAq15v+Y7a0=,wFkkuoGT/MGSiet/RSZVjnwBqxQ=
7,-10,sgZ2+/UiB+haYwH5SAq15v+Y7a0=,UjSjnHkdVJgAalXt4WqsKJxBftA=
6,-10,sgZ2+/UiB+haYwH5SAq15v+Y7a0=,UjSjnHkdVJgAalXt4WqsKJxBftA=
8,-10,sgZ2+/UiB+haYwH5SAq15v+Y7a0=,w17IZZZSRZWGH1FcYJyHfGoWLLI=
15,-1,sgZ2+/UiB+haYwH5SAq15v+Y7a0=,1cAnFVkOgm+oHv5StqDk85wYtYI=
0,-1,sgZ2+/UiB+haYwH5SAq15v+Y7a0=,eu3jG1jQgKv+mlqWSpxrrJHak8c=
0,-8,sgZ2+/UiB+haYwH5SAq15v+Y7a0=,q7PvFzplNotDkvM/I3NJ/SvfXb8=
3,-6,sgZ2+/UiB+haYwH5SAq15v+Y7a0=,T3fzRRQ+k94WJgIaAA6spoO3c90=
1,-8,sgZ2+/UiB+haYwH5SAq15v+Y7a0=,q7PvFzplNotDkvM/I3NJ/SvfXb8=
4,-6,sgZ2+/UiB+haYwH5SAq15v+Y7a0=,GRdvLT/8s+GHk2jOKnTg7YSM4eI=
2,-8,sgZ2+/UiB+haYwH5SAq15v+Y7a0=,CcP0YYvgkeT7rfikVHrpJBe5SK4=
4,-8,sgZ2+/UiB+haYwH5SAq15v+Y7a0=,1ZUU/7PltYrcAsI/8zHDcRb/Ar8=
3,-8,sgZ2+/UiB+haYwH5SAq15v+Y7a0=,CcP0YYvgkeT7rfikVHrpJBe5SK4=
3,-7,sgZ2+/UiB+haYwH5SAq15v+Y7a0=,CcP0YYvgkeT7rfikVHrpJBe5SK4=
4,-7,sgZ2+/UiB+haYwH5SAq15v+Y7a0=,1ZUU/7PltYrcAsI/8zHDcRb/Ar8=
2,-6,sgZ2+/UiB+haYwH5SAq15v+Y7a0=,T3fzRRQ+k94WJgIaAA6spoO3c90=
2,-5,sgZ2+/UiB+haYwH5SAq15v+Y7a0=,T3fzRRQ+k94WJgIaAA6spoO3c90=
1,-5,sgZ2+/UiB+haYwH5SAq15v+Y7a0=,16/DxtBidYz1cbkuzXlLWbCBjM4=
0,-5,sgZ2+/UiB+haYwH5SAq15v+Y7a0=,16/DxtBidYz1cbkuzXlLWbCBjM4=
1,-7,sgZ2+/UiB+haYwH5SAq15v+Y7a0=,q7PvFzplNotDkvM/I3NJ/SvfXb8=
0,-4,sgZ2+/UiB+haYwH5SAq15v+Y7a0=,8K3K7+/rYiqSOvvIuqT0hzGK0Qw=
2,-7,sgZ2+/UiB+haYwH5SAq15v+Y7a0=,CcP0YYvgkeT7rfikVHrpJBe5SK4=
0,-7,sgZ2+/UiB+haYwH5SAq15v+Y7a0=,q7PvFzplNotDkvM/I3NJ/SvfXb8=
1,-6,sgZ2+/UiB+haYwH5SAq15v+Y7a0=,16/DxtBidYz1cbkuzXlLWbCBjM4=
0,-6,sgZ2+/UiB+haYwH5SAq15v+Y7a0=,16/DxtBidYz1cbkuzXlLWbCBjM4=
2,-4,sgZ2+/UiB+haYwH5SAq15v+Y7a0=,dqKwU/UaAbO6CrtsZtH05gnKyQA=
1,-4,sgZ2+/UiB+haYwH5SAq15v+Y7a0=,8K3K7+/rYiqSOvvIuqT0hzGK0Qw=
