-36,-5,5O+MtNOjN4NNdf87fNitOkKP5aI=,Er8vzIr6o9hEZPU/rolNcx9qEyY=
-35,-6,5O+MtNOjN4NNdf87fNitOkKP5aI=,Er8vzIr6o9hEZPU/rolNcx9qEyY=
-37,-5,5O+MtNOjN4NNdf87fNitOkKP5aI=,Er8vzIr6o9hEZPU/rolNcx9qEyY=
-36,-6,5O+MtNOjN4NNdf87fNitOkKP5aI=,Er8vzIr6o9hEZPU/rolNcx9qEyY=
-37,-6,5O+MtNOjN4NNdf87fNitOkKP5aI=,Er8vzIr6o9hEZPU/rolNcx9qEyY=
-39,-6,5O+MtNOjN4NNdf87fNitOkKP5aI=,Er8vzIr6o9hEZPU/rolNcx9qEyY=
-38,-6,5O+MtNOjN4NNdf87fNitOkKP5aI=,Er8vzIr6o9hEZPU/rolNcx9qEyY=
-38,-5,5O+MtNOjN4NNdf87fNitOkKP5aI=,Er8vzIr6o9hEZPU/rolNcx9qEyY=
-34,-2,5O+MtNOjN4NNdf87fNitOkKP5aI=,Er8vzIr6o9hEZPU/rolNcx9qEyY=
-39,-5,5O+MtNOjN4NNdf87fNitOkKP5aI=,Er8vzIr6o9hEZPU/rolNcx9qEyY=
-34,-7,5O+MtNOjN4NNdf87fNitOkKP5aI=,Er8vzIr6o9hEZPU/rolNcx9qEyY=
-35,-2,5O+MtNOjN4NNdf87fNitOkKP5aI=,Er8vzIr6o9hEZPU/rolNcx9qEyY=
-36,-2,5O+MtNOjN4NNdf87fNitOkKP5aI=,Er8vzIr6o9hEZPU/rolNcx9qEyY=
-37,-2,5O+MtNOjN4NNdf87fNitOkKP5aI=,Er8vzIr6o9hEZPU/rolNcx9qEyY=
-38,-2,5O+MtNOjN4NNdf87fNitOkKP5aI=,Er8vzIr6o9hEZPU/rolNcx9qEyY=
-34,-3,5O+MtNOjN4NNdf87fNitOkKP5aI=,Er8vzIr6o9hEZPU/rolNcx9qEyY=
-35,-3,5O+MtNOjN4NNdf87fNitOkKP5aI=,Er8vzIr6o9hEZPU/rolNcx9qEyY=
-36,-3,5O+MtNOjN4NNdf87fNitOkKP5aI=,Er8vzIr6o9hEZPU/rolNcx9qEyY=
-37,-3,5O+MtNOjN4NNdf87fNitOkKP5aI=,Er8vzIr6o9hEZPU/rolNcx9qEyY=
-38,-3,5O+MtNOjN4NNdf87fNitOkKP5aI=,Er8vzIr6o9hEZPU/rolNcx9qEyY=
-39,-3,5O+MtNOjN4NNdf87fNitOkKP5aI=,Er8vzIr6o9hEZPU/rolNcx9qEyY=
-39,-2,5O+MtNOjN4NNdf87fNitOkKP5aI=,Er8vzIr6o9hEZPU/rolNcx9qEyY=
-35,-7,5O+MtNOjN4NNdf87fNitOkKP5aI=,Er8vzIr6o9hEZPU/rolNcx9qEyY=
-34,-4,5O+MtNOjN4NNdf87fNitOkKP5aI=,Er8vzIr6o9hEZPU/rolNcx9qEyY=
-36,-7,5O+MtNOjN4NNdf87fNitOkKP5aI=,Er8vzIr6o9hEZPU/rolNcx9qEyY=
-36,-4,5O+MtNOjN4NNdf87fNitOkKP5aI=,Er8vzIr6o9hEZPU/rolNcx9qEyY=
-35,-4,5O+MtNOjN4NNdf87fNitOkKP5aI=,Er8vzIr6o9hEZPU/rolNcx9qEyY=
-37,-4,5O+MtNOjN4NNdf87fNitOkKP5aI=,Er8vzIr6o9hEZPU/rolNcx9qEyY=
-38,-4,5O+MtNOjN4NNdf87fNitOkKP5aI=,Er8vzIr6o9hEZPU/rolNcx9qEyY=
-39,-7,5O+MtNOjN4NNdf87fNitOkKP5aI=,Er8vzIr6o9hEZPU/rolNcx9qEyY=
-39,-4,bh8Ef1r0Z7xuVItLLaA/DhjhhFI=,Er8vzIr6o9hEZPU/rolNcx9qEyY=
-34,-5,bh8Ef1r0Z7xuVItLLaA/DhjhhFI=,Er8vzIr6o9hEZPU/rolNcx9qEyY=
-34,-6,bh8Ef1r0Z7xuVItLLaA/DhjhhFI=,Er8vzIr6o9hEZPU/rolNcx9qEyY=
-38,-7,bh8Ef1r0Z7xuVItLLaA/DhjhhFI=,Er8vzIr6o9hEZPU/rolNcx9qEyY=
-35,-5,bh8Ef1r0Z7xuVItLLaA/DhjhhFI=,Er8vzIr6o9hEZPU/rolNcx9qEyY=
-37,-7,bh8Ef1r0Z7xuVItLLaA/DhjhhFI=,Er8vzIr6o9hEZPU/rolNcx9qEyY=
-44,-13,bh8Ef1r0Z7xuVItLLaA/DhjhhFI=,vX1K8+DGESEX2LcTp9mFgSlJItE=
-43,-13,bh8Ef1r0Z7xuVItLLaA/DhjhhFI=,vX1K8+DGESEX2LcTp9mFgSlJItE=
-42,-13,bh8Ef1r0Z7xuVItLLaA/DhjhhFI=,vX1K8+DGESEX2LcTp9mFgSlJItE=
-48,-12,bh8Ef1r0Z7xuVItLLaA/DhjhhFI=,vX1K8+DGESEX2LcTp9mFgSlJItE=
-47,-12,bh8Ef1r0Z7xuVItLLaA/DhjhhFI=,vX1K8+DGESEX2LcTp9mFgSlJItE=
-46,-12,bh8Ef1r0Z7xuVItLLaA/DhjhhFI=,vX1K8+DGESEX2LcTp9mFgSlJItE=
-45,-13,bh8Ef1r0Z7xuVItLLaA/DhjhhFI=,vX1K8+DGESEX2LcTp9mFgSlJItE=
-42,-14,bh8Ef1r0Z7xuVItLLaA/DhjhhFI=,vX1K8+DGESEX2LcTp9mFgSlJItE=
-43,-14,bh8Ef1r0Z7xuVItLLaA/DhjhhFI=,vX1K8+DGESEX2LcTp9mFgSlJItE=
-44,-14,bh8Ef1r0Z7xuVItLLaA/DhjhhFI=,vX1K8+DGESEX2LcTp9mFgSlJItE=
-46,-13,bh8Ef1r0Z7xuVItLLaA/DhjhhFI=,vX1K8+DGESEX2LcTp9mFgSlJItE=
-45,-14,bh8Ef1r0Z7xuVItLLaA/DhjhhFI=,vX1K8+DGESEX2LcTp9mFgSlJItE=
-47,-13,bh8Ef1r0Z7xuVItLLaA/DhjhhFI=,vX1K8+DGESEX2LcTp9mFgSlJItE=
-46,-14,bh8Ef1r0Z7xuVItLLaA/DhjhhFI=,vX1K8+DGESEX2LcTp9mFgSlJItE=
-47,-14,bh8Ef1r0Z7xuVItLLaA/DhjhhFI=,vX1K8+DGESEX2LcTp9mFgSlJItE=
-42,-15,bh8Ef1r0Z7xuVItLLaA/DhjhhFI=,vX1K8+DGESEX2LcTp9mFgSlJItE=
-43,-15,bh8Ef1r0Z7xuVItLLaA/DhjhhFI=,vX1K8+DGESEX2LcTp9mFgSlJItE=
-44,-15,bh8Ef1r0Z7xuVItLLaA/DhjhhFI=,vX1K8+DGESEX2LcTp9mFgSlJItE=
-45,-15,bh8Ef1r0Z7xuVItLLaA/DhjhhFI=,vX1K8+DGESEX2LcTp9mFgSlJItE=
-46,-15,bh8Ef1r0Z7xuVItLLaA/DhjhhFI=,vX1K8+DGESEX2LcTp9mFgSlJItE=
-45,-12,bh8Ef1r0Z7xuVItLLaA/DhjhhFI=,vX1K8+DGESEX2LcTp9mFgSlJItE=
-44,-12,bh8Ef1r0Z7xuVItLLaA/DhjhhFI=,vX1K8+DGESEX2LcTp9mFgSlJItE=
-43,-12,bh8Ef1r0Z7xuVItLLaA/DhjhhFI=,vX1K8+DGESEX2LcTp9mFgSlJItE=
-42,-12,bh8Ef1r0Z7xuVItLLaA/DhjhhFI=,vX1K8+DGESEX2LcTp9mFgSlJItE=
-48,-11,bh8Ef1r0Z7xuVItLLaA/DhjhhFI=,vX1K8+DGESEX2LcTp9mFgSlJItE=
-47,-11,bh8Ef1r0Z7xuVItLLaA/DhjhhFI=,vX1K8+DGESEX2LcTp9mFgSlJItE=
-46,-11,bh8Ef1r0Z7xuVItLLaA/DhjhhFI=,vX1K8+DGESEX2LcTp9mFgSlJItE=
-48,-14,bh8Ef1r0Z7xuVItLLaA/DhjhhFI=,vX1K8+DGESEX2LcTp9mFgSlJItE=
-48,-13,bh8Ef1r0Z7xuVItLLaA/DhjhhFI=,vX1K8+DGESEX2LcTp9mFgSlJItE=
-44,-10,bh8Ef1r0Z7xuVItLLaA/DhjhhFI=,vX1K8+DGESEX2LcTp9mFgSlJItE=
-45,-10,bh8Ef1r0Z7xuVItLLaA/DhjhhFI=,vX1K8+DGESEX2LcTp9mFgSlJItE=
-46,-10,bh8Ef1r0Z7xuVItLLaA/DhjhhFI=,vX1K8+DGESEX2LcTp9mFgSlJItE=
-47,-10,bh8Ef1r0Z7xuVItLLaA/DhjhhFI=,vX1K8+DGESEX2LcTp9mFgSlJItE=
-45,-11,bh8Ef1r0Z7xuVItLLaA/DhjhhFI=,vX1K8+DGESEX2LcTp9mFgSlJItE=
-42,-11,bh8Ef1r0Z7xuVItLLaA/DhjhhFI=,vX1K8+DGESEX2LcTp9mFgSlJItE=
-48,-10,bh8Ef1r0Z7xuVItLLaA/DhjhhFI=,vX1K8+DGESEX2LcTp9mFgSlJItE=
-42,-10,bh8Ef1r0Z7xuVItLLaA/DhjhhFI=,vX1K8+DGESEX2LcTp9mFgSlJItE=
-47,-15,bh8Ef1r0Z7xuVItLLaA/DhjhhFI=,vX1K8+DGESEX2LcTp9mFgSlJItE=
-44,-11,bh8Ef1r0Z7xuVItLLaA/DhjhhFI=,vX1K8+DGESEX2LcTp9mFgSlJItE=
-43,-10,bh8Ef1r0Z7xuVItLLaA/DhjhhFI=,vX1K8+DGESEX2LcTp9mFgSlJItE=
-48,-15,bh8Ef1r0Z7xuVItLLaA/DhjhhFI=,vX1K8+DGESEX2LcTp9mFgSlJItE=
-43,-11,bh8Ef1r0Z7xuVItLLaA/DhjhhFI=,vX1K8+DGESEX2LcTp9mFgSlJItE=
-33,-5,bh8Ef1r0Z7xuVItLLaA/DhjhhFI=,Er8vzIr6o9hEZPU/rolNcx9qEyY=
-33,-6,bh8Ef1r0Z7xuVItLLaA/DhjhhFI=,Er8vzIr6o9hEZPU/rolNcx9qEyY=
-33,-7,bh8Ef1r0Z7xuVItLLaA/DhjhhFI=,Er8vzIr6o9hEZPU/rolNcx9qEyY=
-33,-2,bh8Ef1r0Z7xuVItLLaA/DhjhhFI=,Er8vzIr6o9hEZPU/rolNcx9qEyY=
-33,-4,bh8Ef1r0Z7xuVItLLaA/DhjhhFI=,Er8vzIr6o9hEZPU/rolNcx9qEyY=
-33,-3,bh8Ef1r0Z7xuVItLLaA/DhjhhFI=,Er8vzIr6o9hEZPU/rolNcx9qEyY=
-47,-16,bh8Ef1r0Z7xuVItLLaA/DhjhhFI=,vX1K8+DGESEX2LcTp9mFgSlJItE=
-46,-16,bh8Ef1r0Z7xuVItLLaA/DhjhhFI=,vX1K8+DGESEX2LcTp9mFgSlJItE=
-45,-16,bh8Ef1r0Z7xuVItLLaA/DhjhhFI=,vX1K8+DGESEX2LcTp9mFgSlJItE=
-44,-16,bh8Ef1r0Z7xuVItLLaA/DhjhhFI=,vX1K8+DGESEX2LcTp9mFgSlJItE=
-42,-16,bh8Ef1r0Z7xuVItLLaA/DhjhhFI=,vX1K8+DGESEX2LcTp9mFgSlJItE=
-43,-16,bh8Ef1r0Z7xuVItLLaA/DhjhhFI=,vX1K8+DGESEX2LcTp9mFgSlJItE=
-39,-1,bh8Ef1r0Z7xuVItLLaA/DhjhhFI=,Er8vzIr6o9hEZPU/rolNcx9qEyY=
-48,-16,bh8Ef1r0Z7xuVItLLaA/DhjhhFI=,vX1K8+DGESEX2LcTp9mFgSlJItE=
-38,-1,bh8Ef1r0Z7xuVItLLaA/DhjhhFI=,Er8vzIr6o9hEZPU/rolNcx9qEyY=
-37,-1,bh8Ef1r0Z7xuVItLLaA/DhjhhFI=,Er8vzIr6o9hEZPU/rolNcx9qEyY=
-33,-1,bh8Ef1r0Z7xuVItLLaA/DhjhhFI=,Er8vzIr6o9hEZPU/rolNcx9qEyY=
-36,-1,bh8Ef1r0Z7xuVItLLaA/DhjhhFI=,Er8vzIr6o9hEZPU/rolNcx9qEyY=
-34,-1,bh8Ef1r0Z7xuVItLLaA/DhjhhFI=,Er8vzIr6o9hEZPU/rolNcx9qEyY=
-35,-1,bh8Ef1r0Z7xuVItLLaA/DhjhhFI=,Er8vzIr6o9hEZPU/rolNcx9qEyY=
-36,-11,bh8Ef1r0Z7xuVItLLaA/DhjhhFI=,dctL4qzS1w9KxZfhVe6df7wnE60=
-35,-11,bh8Ef1r0Z7xuVItLLaA/DhjhhFI=,dctL4qzS1w9KxZfhVe6df7wnE60=
-34,-11,bh8Ef1r0Z7xuVItLLaA/DhjhhFI=,dctL4qzS1w9KxZfhVe6df7wnE60=
-33,-11,bh8Ef1r0Z7xuVItLLaA/DhjhhFI=,dctL4qzS1w9KxZfhVe6df7wnE60=
-41,-14,bh8Ef1r0Z7xuVItLLaA/DhjhhFI=,vX1K8+DGESEX2LcTp9mFgSlJItE=
-37,-11,bh8Ef1r0Z7xuVItLLaA/DhjhhFI=,dctL4qzS1w9KxZfhVe6df7wnE60=
-38,-11,bh8Ef1r0Z7xuVItLLaA/DhjhhFI=,dctL4qzS1w9KxZfhVe6df7wnE60=
-37,-8,bh8Ef1r0Z7xuVItLLaA/DhjhhFI=,Er8vzIr6o9hEZPU/rolNcx9qEyY=
-34,-12,bh8Ef1r0Z7xuVItLLaA/DhjhhFI=,dctL4qzS1w9KxZfhVe6df7wnE60=
-36,-12,bh8Ef1r0Z7xuVItLLaA/DhjhhFI=,dctL4qzS1w9KxZfhVe6df7wnE60=
-35,-12,bh8Ef1r0Z7xuVItLLaA/DhjhhFI=,dctL4qzS1w9KxZfhVe6df7wnE60=
-37,-12,bh8Ef1r0Z7xuVItLLaA/DhjhhFI=,dctL4qzS1w9KxZfhVe6df7wnE60=
-38,-12,bh8Ef1r0Z7xuVItLLaA/DhjhhFI=,dctL4qzS1w9KxZfhVe6df7wnE60=
-41,-15,bh8Ef1r0Z7xuVItLLaA/DhjhhFI=,vX1K8+DGESEX2LcTp9mFgSlJItE=
-41,-16,bh8Ef1r0Z7xuVItLLaA/DhjhhFI=,vX1K8+DGESEX2LcTp9mFgSlJItE=
-33,-12,bh8Ef1r0Z7xuVItLLaA/DhjhhFI=,dctL4qzS1w9KxZfhVe6df7wnE60=
-40,-12,bh8Ef1r0Z7xuVItLLaA/DhjhhFI=,dctL4qzS1w9KxZfhVe6df7wnE60=
-39,-11,bh8Ef1r0Z7xuVItLLaA/DhjhhFI=,dctL4qzS1w9KxZfhVe6df7wnE60=
-34,-13,bh8Ef1r0Z7xuVItLLaA/DhjhhFI=,dctL4qzS1w9KxZfhVe6df7wnE60=
-35,-13,bh8Ef1r0Z7xuVItLLaA/DhjhhFI=,dctL4qzS1w9KxZfhVe6df7wnE60=
-36,-13,bh8Ef1r0Z7xuVItLLaA/DhjhhFI=,dctL4qzS1w9KxZfhVe6df7wnE60=
-33,-13,bh8Ef1r0Z7xuVItLLaA/DhjhhFI=,dctL4qzS1w9KxZfhVe6df7wnE60=
-38,-8,bh8Ef1r0Z7xuVItLLaA/DhjhhFI=,Er8vzIr6o9hEZPU/rolNcx9qEyY=
-37,-13,bh8Ef1r0Z7xuVItLLaA/DhjhhFI=,dctL4qzS1w9KxZfhVe6df7wnE60=
-40,-11,bh8Ef1r0Z7xuVItLLaA/DhjhhFI=,dctL4qzS1w9KxZfhVe6df7wnE60=
-34,-14,bh8Ef1r0Z7xuVItLLaA/DhjhhFI=,dctL4qzS1w9KxZfhVe6df7wnE60=
-41,-11,bh8Ef1r0Z7xuVItLLaA/DhjhhFI=,vX1K8+DGESEX2LcTp9mFgSlJItE=
-35,-14,bh8Ef1r0Z7xuVItLLaA/DhjhhFI=,dctL4qzS1w9KxZfhVe6df7wnE60=
-38,-13,bh8Ef1r0Z7xuVItLLaA/DhjhhFI=,dctL4qzS1w9KxZfhVe6df7wnE60=
-36,-14,bh8Ef1r0Z7xuVItLLaA/DhjhhFI=,dctL4qzS1w9KxZfhVe6df7wnE60=
-41,-10,bh8Ef1r0Z7xuVItLLaA/DhjhhFI=,vX1K8+DGESEX2LcTp9mFgSlJItE=
-33,-14,bh8Ef1r0Z7xuVItLLaA/DhjhhFI=,dctL4qzS1w9KxZfhVe6df7wnE60=
-40,-14,bh8Ef1r0Z7xuVItLLaA/DhjhhFI=,dctL4qzS1w9KxZfhVe6df7wnE60=
-33,-9,bh8Ef1r0Z7xuVItLLaA/DhjhhFI=,dctL4qzS1w9KxZfhVe6df7wnE60=
-40,-13,bh8Ef1r0Z7xuVItLLaA/DhjhhFI=,dctL4qzS1w9KxZfhVe6df7wnE60=
-34,-15,bh8Ef1r0Z7xuVItLLaA/DhjhhFI=,dctL4qzS1w9KxZfhVe6df7wnE60=
-41,-12,bh8Ef1r0Z7xuVItLLaA/DhjhhFI=,vX1K8+DGESEX2LcTp9mFgSlJItE=
-35,-15,bh8Ef1r0Z7xuVItLLaA/DhjhhFI=,dctL4qzS1w9KxZfhVe6df7wnE60=
-39,-12,bh8Ef1r0Z7xuVItLLaA/DhjhhFI=,dctL4qzS1w9KxZfhVe6df7wnE60=
-36,-15,bh8Ef1r0Z7xuVItLLaA/DhjhhFI=,dctL4qzS1w9KxZfhVe6df7wnE60=
-33,-15,bh8Ef1r0Z7xuVItLLaA/DhjhhFI=,dctL4qzS1w9KxZfhVe6df7wnE60=
-37,-14,bh8Ef1r0Z7xuVItLLaA/DhjhhFI=,dctL4qzS1w9KxZfhVe6df7wnE60=
-39,-13,bh8Ef1r0Z7xuVItLLaA/DhjhhFI=,dctL4qzS1w9KxZfhVe6df7wnE60=
-39,-8,bh8Ef1r0Z7xuVItLLaA/DhjhhFI=,Er8vzIr6o9hEZPU/rolNcx9qEyY=
-41,-13,bh8Ef1r0Z7xuVItLLaA/DhjhhFI=,vX1K8+DGESEX2LcTp9mFgSlJItE=
-40,-15,bh8Ef1r0Z7xuVItLLaA/DhjhhFI=,dctL4qzS1w9KxZfhVe6df7wnE60=
-37,-15,bh8Ef1r0Z7xuVItLLaA/DhjhhFI=,dctL4qzS1w9KxZfhVe6df7wnE60=
-34,-9,bh8Ef1r0Z7xuVItLLaA/DhjhhFI=,dctL4qzS1w9KxZfhVe6df7wnE60=
-40,-10,bh8Ef1r0Z7xuVItLLaA/DhjhhFI=,dctL4qzS1w9KxZfhVe6df7wnE60=
-36,-9,bh8Ef1r0Z7xuVItLLaA/DhjhhFI=,dctL4qzS1w9KxZfhVe6df7wnE60=
-34,-16,bh8Ef1r0Z7xuVItLLaA/DhjhhFI=,dctL4qzS1w9KxZfhVe6df7wnE60=
-35,-9,bh8Ef1r0Z7xuVItLLaA/DhjhhFI=,dctL4qzS1w9KxZfhVe6df7wnE60=
-33,-16,bh8Ef1r0Z7xuVItLLaA/DhjhhFI=,dctL4qzS1w9KxZfhVe6df7wnE60=
-36,-8,bh8Ef1r0Z7xuVItLLaA/DhjhhFI=,Er8vzIr6o9hEZPU/rolNcx9qEyY=
-38,-9,bh8Ef1r0Z7xuVItLLaA/DhjhhFI=,dctL4qzS1w9KxZfhVe6df7wnE60=
-35,-16,bh8Ef1r0Z7xuVItLLaA/DhjhhFI=,dctL4qzS1w9KxZfhVe6df7wnE60=
-36,-16,bh8Ef1r0Z7xuVItLLaA/DhjhhFI=,dctL4qzS1w9KxZfhVe6df7wnE60=
-38,-14,bh8Ef1r0Z7xuVItLLaA/DhjhhFI=,dctL4qzS1w9KxZfhVe6df7wnE60=
-34,-10,bh8Ef1r0Z7xuVItLLaA/DhjhhFI=,dctL4qzS1w9KxZfhVe6df7wnE60=
-39,-15,bh8Ef1r0Z7xuVItLLaA/DhjhhFI=,dctL4qzS1w9KxZfhVe6df7wnE60=
-37,-9,bh8Ef1r0Z7xuVItLLaA/DhjhhFI=,dctL4qzS1w9KxZfhVe6df7wnE60=
-39,-9,bh8Ef1r0Z7xuVItLLaA/DhjhhFI=,dctL4qzS1w9KxZfhVe6df7wnE60=
-35,-10,bh8Ef1r0Z7xuVItLLaA/DhjhhFI=,dctL4qzS1w9KxZfhVe6df7wnE60=
-33,-10,bh8Ef1r0Z7xuVItLLaA/DhjhhFI=,dctL4qzS1w9KxZfhVe6df7wnE60=
-37,-16,bh8Ef1r0Z7xuVItLLaA/DhjhhFI=,dctL4qzS1w9KxZfhVe6df7wnE60=
-39,-14,bh8Ef1r0Z7xuVItLLaA/DhjhhFI=,dctL4qzS1w9KxZfhVe6df7wnE60=
-36,-10,bh8Ef1r0Z7xuVItLLaA/DhjhhFI=,dctL4qzS1w9KxZfhVe6df7wnE60=
-40,-16,bh8Ef1r0Z7xuVItLLaA/DhjhhFI=,dctL4qzS1w9KxZfhVe6df7wnE60=
-39,-10,bh8Ef1r0Z7xuVItLLaA/DhjhhFI=,dctL4qzS1w9KxZfhVe6df7wnE60=
-37,-10,bh8Ef1r0Z7xuVItLLaA/DhjhhFI=,dctL4qzS1w9KxZfhVe6df7wnE60=
-38,-10,bh8Ef1r0Z7xuVItLLaA/DhjhhFI=,dctL4qzS1w9KxZfhVe6df7wnE60=
-38,-15,bh8Ef1r0Z7xuVItLLaA/DhjhhFI=,dctL4qzS1w9KxZfhVe6df7wnE60=
-33,-8,bh8Ef1r0Z7xuVItLLaA/DhjhhFI=,Er8vzIr6o9hEZPU/rolNcx9qEyY=
-39,-16,bh8Ef1r0Z7xuVItLLaA/DhjhhFI=,dctL4qzS1w9KxZfhVe6df7wnE60=
-34,-8,bh8Ef1r0Z7xuVItLLaA/DhjhhFI=,Er8vzIr6o9hEZPU/rolNcx9qEyY=
-45,-5,bh8Ef1r0Z7xuVItLLaA/DhjhhFI=,tAK0ptjubBXHk2W9UA/AOdxZbIM=
-35,-8,bh8Ef1r0Z7xuVItLLaA/DhjhhFI=,Er8vzIr6o9hEZPU/rolNcx9qEyY=
-44,-5,bh8Ef1r0Z7xuVItLLaA/DhjhhFI=,tAK0ptjubBXHk2W9UA/AOdxZbIM=
-46,-5,bh8Ef1r0Z7xuVItLLaA/DhjhhFI=,tAK0ptjubBXHk2W9UA/AOdxZbIM=
-41,-1,bh8Ef1r0Z7xuVItLLaA/DhjhhFI=,tAK0ptjubBXHk2W9UA/AOdxZbIM=
-42,-1,bh8Ef1r0Z7xuVItLLaA/DhjhhFI=,tAK0ptjubBXHk2W9UA/AOdxZbIM=
-47,-5,bh8Ef1r0Z7xuVItLLaA/DhjhhFI=,tAK0ptjubBXHk2W9UA/AOdxZbIM=
-38,-16,bh8Ef1r0Z7xuVItLLaA/DhjhhFI=,dctL4qzS1w9KxZfhVe6df7wnE60=
-43,-6,bh8Ef1r0Z7xuVItLLaA/DhjhhFI=,tAK0ptjubBXHk2W9UA/AOdxZbIM=
-46,-1,bh8Ef1r0Z7xuVItLLaA/DhjhhFI=,tAK0ptjubBXHk2W9UA/AOdxZbIM=
-47,-1,bh8Ef1r0Z7xuVItLLaA/DhjhhFI=,tAK0ptjubBXHk2W9UA/AOdxZbIM=
-44,-6,bh8Ef1r0Z7xuVItLLaA/DhjhhFI=,tAK0ptjubBXHk2W9UA/AOdxZbIM=
-45,-6,bh8Ef1r0Z7xuVItLLaA/DhjhhFI=,tAK0ptjubBXHk2W9UA/AOdxZbIM=
-48,-5,bh8Ef1r0Z7xuVItLLaA/DhjhhFI=,tAK0ptjubBXHk2W9UA/AOdxZbIM=
-48,-1,bh8Ef1r0Z7xuVItLLaA/DhjhhFI=,tAK0ptjubBXHk2W9UA/AOdxZbIM=
-46,-6,bh8Ef1r0Z7xuVItLLaA/DhjhhFI=,tAK0ptjubBXHk2W9UA/AOdxZbIM=
-47,-6,bh8Ef1r0Z7xuVItLLaA/DhjhhFI=,tAK0ptjubBXHk2W9UA/AOdxZbIM=
-45,-1,bh8Ef1r0Z7xuVItLLaA/DhjhhFI=,tAK0ptjubBXHk2W9UA/AOdxZbIM=
-40,-6,bh8Ef1r0Z7xuVItLLaA/DhjhhFI=,Er8vzIr6o9hEZPU/rolNcx9qEyY=
-41,-2,bh8Ef1r0Z7xuVItLLaA/DhjhhFI=,tAK0ptjubBXHk2W9UA/AOdxZbIM=
-41,-6,bh8Ef1r0Z7xuVItLLaA/DhjhhFI=,tAK0ptjubBXHk2W9UA/AOdxZbIM=
-40,-8,bh8Ef1r0Z7xuVItLLaA/DhjhhFI=,Er8vzIr6o9hEZPU/rolNcx9qEyY=
-48,-6,bh8Ef1r0Z7xuVItLLaA/DhjhhFI=,tAK0ptjubBXHk2W9UA/AOdxZbIM=
-44,-1,bh8Ef1r0Z7xuVItLLaA/DhjhhFI=,tAK0ptjubBXHk2W9UA/AOdxZbIM=
-42,-6,bh8Ef1r0Z7xuVItLLaA/DhjhhFI=,tAK0ptjubBXHk2W9UA/AOdxZbIM=
-42,-2,bh8Ef1r0Z7xuVItLLaA/DhjhhFI=,tAK0ptjubBXHk2W9UA/AOdxZbIM=
-45,-7,bh8Ef1r0Z7xuVItLLaA/DhjhhFI=,tAK0ptjubBXHk2W9UA/AOdxZbIM=
-46,-7,bh8Ef1r0Z7xuVItLLaA/DhjhhFI=,tAK0ptjubBXHk2W9UA/AOdxZbIM=
-43,-7,bh8Ef1r0Z7xuVItLLaA/DhjhhFI=,tAK0ptjubBXHk2W9UA/AOdxZbIM=
-47,-7,bh8Ef1r0Z7xuVItLLaA/DhjhhFI=,tAK0ptjubBXHk2W9UA/AOdxZbIM=
-48,-7,bh8Ef1r0Z7xuVItLLaA/DhjhhFI=,tAK0ptjubBXHk2W9UA/AOdxZbIM=
-42,-7,bh8Ef1r0Z7xuVItLLaA/DhjhhFI=,tAK0ptjubBXHk2W9UA/AOdxZbIM=
-43,-1,bh8Ef1r0Z7xuVItLLaA/DhjhhFI=,tAK0ptjubBXHk2W9UA/AOdxZbIM=
-43,-5,bh8Ef1r0Z7xuVItLLaA/DhjhhFI=,tAK0ptjubBXHk2W9UA/AOdxZbIM=
-44,-7,bh8Ef1r0Z7xuVItLLaA/DhjhhFI=,tAK0ptjubBXHk2W9UA/AOdxZbIM=
-44,-9,bh8Ef1r0Z7xuVItLLaA/DhjhhFI=,vX1K8+DGESEX2LcTp9mFgSlJItE=
-45,-9,bh8Ef1r0Z7xuVItLLaA/DhjhhFI=,vX1K8+DGESEX2LcTp9mFgSlJItE=
-46,-9,bh8Ef1r0Z7xuVItLLaA/DhjhhFI=,vX1K8+DGESEX2LcTp9mFgSlJItE=
-41,-7,bh8Ef1r0Z7xuVItLLaA/DhjhhFI=,tAK0ptjubBXHk2W9UA/AOdxZbIM=
-41,-8,bh8Ef1r0Z7xuVItLLaA/DhjhhFI=,tAK0ptjubBXHk2W9UA/AOdxZbIM=
-42,-9,bh8Ef1r0Z7xuVItLLaA/DhjhhFI=,vX1K8+DGESEX2LcTp9mFgSlJItE=
-43,-9,bh8Ef1r0Z7xuVItLLaA/DhjhhFI=,vX1K8+DGESEX2LcTp9mFgSlJItE=
-42,-5,bh8Ef1r0Z7xuVItLLaA/DhjhhFI=,tAK0ptjubBXHk2W9UA/AOdxZbIM=
-40,-4,bh8Ef1r0Z7xuVItLLaA/DhjhhFI=,Er8vzIr6o9hEZPU/rolNcx9qEyY=
-45,-8,bh8Ef1r0Z7xuVItLLaA/DhjhhFI=,tAK0ptjubBXHk2W9UA/AOdxZbIM=
-46,-2,bh8Ef1r0Z7xuVItLLaA/DhjhhFI=,tAK0ptjubBXHk2W9UA/AOdxZbIM=
-41,-9,bh8Ef1r0Z7xuVItLLaA/DhjhhFI=,vX1K8+DGESEX2LcTp9mFgSlJItE=
-47,-8,bh8Ef1r0Z7xuVItLLaA/DhjhhFI=,tAK0ptjubBXHk2W9UA/AOdxZbIM=
-48,-8,bh8Ef1r0Z7xuVItLLaA/DhjhhFI=,tAK0ptjubBXHk2W9UA/AOdxZbIM=
-46,-8,bh8Ef1r0Z7xuVItLLaA/DhjhhFI=,tAK0ptjubBXHk2W9UA/AOdxZbIM=
-47,-2,bh8Ef1r0Z7xuVItLLaA/DhjhhFI=,tAK0ptjubBXHk2W9UA/AOdxZbIM=
-47,-9,bh8Ef1r0Z7xuVItLLaA/DhjhhFI=,vX1K8+DGESEX2LcTp9mFgSlJItE=
-48,-9,bh8Ef1r0Z7xuVItLLaA/DhjhhFI=,vX1K8+DGESEX2LcTp9mFgSlJItE=
-48,-2,bh8Ef1r0Z7xuVItLLaA/DhjhhFI=,tAK0ptjubBXHk2W9UA/AOdxZbIM=
-41,-3,bh8Ef1r0Z7xuVItLLaA/DhjhhFI=,tAK0ptjubBXHk2W9UA/AOdxZbIM=
-43,-2,bh8Ef1r0Z7xuVItLLaA/DhjhhFI=,tAK0ptjubBXHk2W9UA/AOdxZbIM=
-41,-5,bh8Ef1r0Z7xuVItLLaA/DhjhhFI=,tAK0ptjubBXHk2W9UA/AOdxZbIM=
-45,-2,bh8Ef1r0Z7xuVItLLaA/DhjhhFI=,tAK0ptjubBXHk2W9UA/AOdxZbIM=
-44,-8,bh8Ef1r0Z7xuVItLLaA/DhjhhFI=,tAK0ptjubBXHk2W9UA/AOdxZbIM=
-42,-3,bh8Ef1r0Z7xuVItLLaA/DhjhhFI=,tAK0ptjubBXHk2W9UA/AOdxZbIM=
-40,-1,bh8Ef1r0Z7xuVItLLaA/DhjhhFI=,Er8vzIr6o9hEZPU/rolNcx9qEyY=
-40,-2,bh8Ef1r0Z7xuVItLLaA/DhjhhFI=,Er8vzIr6o9hEZPU/rolNcx9qEyY=
-44,-2,bh8Ef1r0Z7xuVItLLaA/DhjhhFI=,tAK0ptjubBXHk2W9UA/AOdxZbIM=
-44,-3,bh8Ef1r0Z7xuVItLLaA/DhjhhFI=,tAK0ptjubBXHk2W9UA/AOdxZbIM=
-40,-5,bh8Ef1r0Z7xuVItLLaA/DhjhhFI=,Er8vzIr6o9hEZPU/rolNcx9qEyY=
-40,-3,bh8Ef1r0Z7xuVItLLaA/DhjhhFI=,Er8vzIr6o9hEZPU/rolNcx9qEyY=
-48,-3,bh8Ef1r0Z7xuVItLLaA/DhjhhFI=,tAK0ptjubBXHk2W9UA/AOdxZbIM=
-45,-3,bh8Ef1r0Z7xuVItLLaA/DhjhhFI=,tAK0ptjubBXHk2W9UA/AOdxZbIM=
-48,-4,bh8Ef1r0Z7xuVItLLaA/DhjhhFI=,tAK0ptjubBXHk2W9UA/AOdxZbIM=
-40,-7,bh8Ef1r0Z7xuVItLLaA/DhjhhFI=,Er8vzIr6o9hEZPU/rolNcx9qEyY=
-46,-3,bh8Ef1r0Z7xuVItLLaA/DhjhhFI=,tAK0ptjubBXHk2W9UA/AOdxZbIM=
-47,-3,bh8Ef1r0Z7xuVItLLaA/DhjhhFI=,tAK0ptjubBXHk2W9UA/AOdxZbIM=
-44,-4,bh8Ef1r0Z7xuVItLLaA/DhjhhFI=,tAK0ptjubBXHk2W9UA/AOdxZbIM=
-41,-4,bh8Ef1r0Z7xuVItLLaA/DhjhhFI=,tAK0ptjubBXHk2W9UA/AOdxZbIM=
-46,-4,bh8Ef1r0Z7xuVItLLaA/DhjhhFI=,tAK0ptjubBXHk2W9UA/AOdxZbIM=
-43,-4,bh8Ef1r0Z7xuVItLLaA/DhjhhFI=,tAK0ptjubBXHk2W9UA/AOdxZbIM=
-45,-4,bh8Ef1r0Z7xuVItLLaA/DhjhhFI=,tAK0ptjubBXHk2W9UA/AOdxZbIM=
-47,-4,bh8Ef1r0Z7xuVItLLaA/DhjhhFI=,tAK0ptjubBXHk2W9UA/AOdxZbIM=
-42,-4,bh8Ef1r0Z7xuVItLLaA/DhjhhFI=,tAK0ptjubBXHk2W9UA/AOdxZbIM=
-43,-3,bh8Ef1r0Z7xuVItLLaA/DhjhhFI=,tAK0ptjubBXHk2W9UA/AOdxZbIM=
-43,-8,bh8Ef1r0Z7xuVItLLaA/DhjhhFI=,tAK0ptjubBXHk2W9UA/AOdxZbIM=
-40,-9,bh8Ef1r0Z7xuVItLLaA/DhjhhFI=,dctL4qzS1w9KxZfhVe6df7wnE60=
-42,-8,bh8Ef1r0Z7xuVItLLaA/DhjhhFI=,tAK0ptjubBXHk2W9UA/AOdxZbIM=
-38,-20,bh8Ef1r0Z7xuVItLLaA/DhjhhFI=,SoepO4anaTHjZBGZftj2FaLdoKA=
-35,-18,bh8Ef1r0Z7xuVItLLaA/DhjhhFI=,SoepO4anaTHjZBGZftj2FaLdoKA=
-37,-22,bh8Ef1r0Z7xuVItLLaA/DhjhhFI=,SoepO4anaTHjZBGZftj2FaLdoKA=
-37,-18,bh8Ef1r0Z7xuVItLLaA/DhjhhFI=,SoepO4anaTHjZBGZftj2FaLdoKA=
-36,-18,bh8Ef1r0Z7xuVItLLaA/DhjhhFI=,SoepO4anaTHjZBGZftj2FaLdoKA=
-39,-22,bh8Ef1r0Z7xuVItLLaA/DhjhhFI=,SoepO4anaTHjZBGZftj2FaLdoKA=
-38,-22,bh8Ef1r0Z7xuVItLLaA/DhjhhFI=,SoepO4anaTHjZBGZftj2FaLdoKA=
-35,-19,bh8Ef1r0Z7xuVItLLaA/DhjhhFI=,SoepO4anaTHjZBGZftj2FaLdoKA=
-34,-19,bh8Ef1r0Z7xuVItLLaA/DhjhhFI=,SoepO4anaTHjZBGZftj2FaLdoKA=
-37,-23,bh8Ef1r0Z7xuVItLLaA/DhjhhFI=,SoepO4anaTHjZBGZftj2FaLdoKA=
-34,-23,bh8Ef1r0Z7xuVItLLaA/DhjhhFI=,SoepO4anaTHjZBGZftj2FaLdoKA=
-35,-23,bh8Ef1r0Z7xuVItLLaA/DhjhhFI=,SoepO4anaTHjZBGZftj2FaLdoKA=
-38,-23,bh8Ef1r0Z7xuVItLLaA/DhjhhFI=,SoepO4anaTHjZBGZftj2FaLdoKA=
-39,-23,bh8Ef1r0Z7xuVItLLaA/DhjhhFI=,SoepO4anaTHjZBGZftj2FaLdoKA=
-34,-20,bh8Ef1r0Z7xuVItLLaA/DhjhhFI=,SoepO4anaTHjZBGZftj2FaLdoKA=
-36,-23,bh8Ef1r0Z7xuVItLLaA/DhjhhFI=,SoepO4anaTHjZBGZftj2FaLdoKA=
-38,-18,bh8Ef1r0Z7xuVItLLaA/DhjhhFI=,SoepO4anaTHjZBGZftj2FaLdoKA=
-36,-19,bh8Ef1r0Z7xuVItLLaA/DhjhhFI=,SoepO4anaTHjZBGZftj2FaLdoKA=
-37,-19,bh8Ef1r0Z7xuVItLLaA/DhjhhFI=,SoepO4anaTHjZBGZftj2FaLdoKA=
-37,-21,bh8Ef1r0Z7xuVItLLaA/DhjhhFI=,SoepO4anaTHjZBGZftj2FaLdoKA=
-38,-21,bh8Ef1r0Z7xuVItLLaA/DhjhhFI=,SoepO4anaTHjZBGZftj2FaLdoKA=
-35,-20,bh8Ef1r0Z7xuVItLLaA/DhjhhFI=,SoepO4anaTHjZBGZftj2FaLdoKA=
-39,-18,bh8Ef1r0Z7xuVItLLaA/DhjhhFI=,SoepO4anaTHjZBGZftj2FaLdoKA=
-39,-21,bh8Ef1r0Z7xuVItLLaA/DhjhhFI=,SoepO4anaTHjZBGZftj2FaLdoKA=
-34,-22,bh8Ef1r0Z7xuVItLLaA/DhjhhFI=,SoepO4anaTHjZBGZftj2FaLdoKA=
-34,-18,bh8Ef1r0Z7xuVItLLaA/DhjhhFI=,SoepO4anaTHjZBGZftj2FaLdoKA=
-36,-20,bh8Ef1r0Z7xuVItLLaA/DhjhhFI=,SoepO4anaTHjZBGZftj2FaLdoKA=
-37,-20,bh8Ef1r0Z7xuVItLLaA/DhjhhFI=,SoepO4anaTHjZBGZftj2FaLdoKA=
-34,-21,bh8Ef1r0Z7xuVItLLaA/DhjhhFI=,SoepO4anaTHjZBGZftj2FaLdoKA=
-36,-21,bh8Ef1r0Z7xuVItLLaA/DhjhhFI=,SoepO4anaTHjZBGZftj2FaLdoKA=
-35,-21,bh8Ef1r0Z7xuVItLLaA/DhjhhFI=,SoepO4anaTHjZBGZftj2FaLdoKA=
-38,-19,bh8Ef1r0Z7xuVItLLaA/DhjhhFI=,SoepO4anaTHjZBGZftj2FaLdoKA=
-35,-22,bh8Ef1r0Z7xuVItLLaA/DhjhhFI=,SoepO4anaTHjZBGZftj2FaLdoKA=
-36,-22,bh8Ef1r0Z7xuVItLLaA/DhjhhFI=,SoepO4anaTHjZBGZftj2FaLdoKA=
-39,-20,bh8Ef1r0Z7xuVItLLaA/DhjhhFI=,SoepO4anaTHjZBGZftj2FaLdoKA=
-39,-19,bh8Ef1r0Z7xuVItLLaA/DhjhhFI=,SoepO4anaTHjZBGZftj2FaLdoKA=
-36,-25,bh8Ef1r0Z7xuVItLLaA/DhjhhFI=,nTy14UrIfVuvIIWrbIdSaEh/FH8=
-35,-25,bh8Ef1r0Z7xuVItLLaA/DhjhhFI=,nTy14UrIfVuvIIWrbIdSaEh/FH8=
-34,-25,bh8Ef1r0Z7xuVItLLaA/DhjhhFI=,nTy14UrIfVuvIIWrbIdSaEh/FH8=
-39,-31,bh8Ef1r0Z7xuVItLLaA/DhjhhFI=,nTy14UrIfVuvIIWrbIdSaEh/FH8=
-38,-31,bh8Ef1r0Z7xuVItLLaA/DhjhhFI=,nTy14UrIfVuvIIWrbIdSaEh/FH8=
-37,-31,bh8Ef1r0Z7xuVItLLaA/DhjhhFI=,nTy14UrIfVuvIIWrbIdSaEh/FH8=
-36,-24,bh8Ef1r0Z7xuVItLLaA/DhjhhFI=,SoepO4anaTHjZBGZftj2FaLdoKA=
-36,-31,bh8Ef1r0Z7xuVItLLaA/DhjhhFI=,nTy14UrIfVuvIIWrbIdSaEh/FH8=
-35,-31,bh8Ef1r0Z7xuVItLLaA/DhjhhFI=,nTy14UrIfVuvIIWrbIdSaEh/FH8=
-33,-31,bh8Ef1r0Z7xuVItLLaA/DhjhhFI=,nTy14UrIfVuvIIWrbIdSaEh/FH8=
-34,-31,bh8Ef1r0Z7xuVItLLaA/DhjhhFI=,nTy14UrIfVuvIIWrbIdSaEh/FH8=
-39,-30,bh8Ef1r0Z7xuVItLLaA/DhjhhFI=,nTy14UrIfVuvIIWrbIdSaEh/FH8=
-38,-30,bh8Ef1r0Z7xuVItLLaA/DhjhhFI=,nTy14UrIfVuvIIWrbIdSaEh/FH8=
-37,-30,bh8Ef1r0Z7xuVItLLaA/DhjhhFI=,nTy14UrIfVuvIIWrbIdSaEh/FH8=
-36,-30,bh8Ef1r0Z7xuVItLLaA/DhjhhFI=,nTy14UrIfVuvIIWrbIdSaEh/FH8=
-35,-30,bh8Ef1r0Z7xuVItLLaA/DhjhhFI=,nTy14UrIfVuvIIWrbIdSaEh/FH8=
-34,-30,bh8Ef1r0Z7xuVItLLaA/DhjhhFI=,nTy14UrIfVuvIIWrbIdSaEh/FH8=
-33,-30,bh8Ef1r0Z7xuVItLLaA/DhjhhFI=,nTy14UrIfVuvIIWrbIdSaEh/FH8=
-39,-24,bh8Ef1r0Z7xuVItLLaA/DhjhhFI=,SoepO4anaTHjZBGZftj2FaLdoKA=
-38,-29,bh8Ef1r0Z7xuVItLLaA/DhjhhFI=,nTy14UrIfVuvIIWrbIdSaEh/FH8=
-37,-29,bh8Ef1r0Z7xuVItLLaA/DhjhhFI=,nTy14UrIfVuvIIWrbIdSaEh/FH8=
-39,-29,bh8Ef1r0Z7xuVItLLaA/DhjhhFI=,nTy14UrIfVuvIIWrbIdSaEh/FH8=
-36,-29,bh8Ef1r0Z7xuVItLLaA/DhjhhFI=,nTy14UrIfVuvIIWrbIdSaEh/FH8=
-35,-29,bh8Ef1r0Z7xuVItLLaA/DhjhhFI=,nTy14UrIfVuvIIWrbIdSaEh/FH8=
-34,-29,bh8Ef1r0Z7xuVItLLaA/DhjhhFI=,nTy14UrIfVuvIIWrbIdSaEh/FH8=
-33,-29,bh8Ef1r0Z7xuVItLLaA/DhjhhFI=,nTy14UrIfVuvIIWrbIdSaEh/FH8=
-37,-25,bh8Ef1r0Z7xuVItLLaA/DhjhhFI=,nTy14UrIfVuvIIWrbIdSaEh/FH8=
-39,-28,bh8Ef1r0Z7xuVItLLaA/DhjhhFI=,nTy14UrIfVuvIIWrbIdSaEh/FH8=
-37,-24,bh8Ef1r0Z7xuVItLLaA/DhjhhFI=,SoepO4anaTHjZBGZftj2FaLdoKA=
-38,-25,bh8Ef1r0Z7xuVItLLaA/DhjhhFI=,nTy14UrIfVuvIIWrbIdSaEh/FH8=
-38,-28,bh8Ef1r0Z7xuVItLLaA/DhjhhFI=,nTy14UrIfVuvIIWrbIdSaEh/FH8=
-33,-26,bh8Ef1r0Z7xuVItLLaA/DhjhhFI=,nTy14UrIfVuvIIWrbIdSaEh/FH8=
-39,-25,bh8Ef1r0Z7xuVItLLaA/DhjhhFI=,nTy14UrIfVuvIIWrbIdSaEh/FH8=
-36,-26,bh8Ef1r0Z7xuVItLLaA/DhjhhFI=,nTy14UrIfVuvIIWrbIdSaEh/FH8=
-34,-26,bh8Ef1r0Z7xuVItLLaA/DhjhhFI=,nTy14UrIfVuvIIWrbIdSaEh/FH8=
-38,-24,bh8Ef1r0Z7xuVItLLaA/DhjhhFI=,SoepO4anaTHjZBGZftj2FaLdoKA=
-35,-26,bh8Ef1r0Z7xuVItLLaA/DhjhhFI=,nTy14UrIfVuvIIWrbIdSaEh/FH8=
-37,-26,bh8Ef1r0Z7xuVItLLaA/DhjhhFI=,nTy14UrIfVuvIIWrbIdSaEh/FH8=
-37,-28,bh8Ef1r0Z7xuVItLLaA/DhjhhFI=,nTy14UrIfVuvIIWrbIdSaEh/FH8=
-38,-26,bh8Ef1r0Z7xuVItLLaA/DhjhhFI=,nTy14UrIfVuvIIWrbIdSaEh/FH8=
-39,-26,bh8Ef1r0Z7xuVItLLaA/DhjhhFI=,nTy14UrIfVuvIIWrbIdSaEh/FH8=
-36,-28,bh8Ef1r0Z7xuVItLLaA/DhjhhFI=,nTy14UrIfVuvIIWrbIdSaEh/FH8=
-33,-27,bh8Ef1r0Z7xuVItLLaA/DhjhhFI=,nTy14UrIfVuvIIWrbIdSaEh/FH8=
-34,-27,bh8Ef1r0Z7xuVItLLaA/DhjhhFI=,nTy14UrIfVuvIIWrbIdSaEh/FH8=
-34,-24,bh8Ef1r0Z7xuVItLLaA/DhjhhFI=,SoepO4anaTHjZBGZftj2FaLdoKA=
-35,-28,bh8Ef1r0Z7xuVItLLaA/DhjhhFI=,nTy14UrIfVuvIIWrbIdSaEh/FH8=
-34,-28,bh8Ef1r0Z7xuVItLLaA/DhjhhFI=,nTy14UrIfVuvIIWrbIdSaEh/FH8=
-36,-27,bh8Ef1r0Z7xuVItLLaA/DhjhhFI=,nTy14UrIfVuvIIWrbIdSaEh/FH8=
-35,-24,bh8Ef1r0Z7xuVItLLaA/DhjhhFI=,SoepO4anaTHjZBGZftj2FaLdoKA=
-39,-32,bh8Ef1r0Z7xuVItLLaA/DhjhhFI=,nTy14UrIfVuvIIWrbIdSaEh/FH8=
-38,-32,bh8Ef1r0Z7xuVItLLaA/DhjhhFI=,nTy14UrIfVuvIIWrbIdSaEh/FH8=
-37,-32,bh8Ef1r0Z7xuVItLLaA/DhjhhFI=,nTy14UrIfVuvIIWrbIdSaEh/FH8=
-36,-32,bh8Ef1r0Z7xuVItLLaA/DhjhhFI=,nTy14UrIfVuvIIWrbIdSaEh/FH8=
-35,-32,bh8Ef1r0Z7xuVItLLaA/DhjhhFI=,nTy14UrIfVuvIIWrbIdSaEh/FH8=
-34,-32,bh8Ef1r0Z7xuVItLLaA/DhjhhFI=,nTy14UrIfVuvIIWrbIdSaEh/FH8=
-35,-27,bh8Ef1r0Z7xuVItLLaA/DhjhhFI=,nTy14UrIfVuvIIWrbIdSaEh/FH8=
-38,-27,bh8Ef1r0Z7xuVItLLaA/DhjhhFI=,nTy14UrIfVuvIIWrbIdSaEh/FH8=
-37,-27,bh8Ef1r0Z7xuVItLLaA/DhjhhFI=,nTy14UrIfVuvIIWrbIdSaEh/FH8=
-33,-28,bh8Ef1r0Z7xuVItLLaA/DhjhhFI=,nTy14UrIfVuvIIWrbIdSaEh/FH8=
-39,-27,bh8Ef1r0Z7xuVItLLaA/DhjhhFI=,nTy14UrIfVuvIIWrbIdSaEh/FH8=
-36,-17,bh8Ef1r0Z7xuVItLLaA/DhjhhFI=,SoepO4anaTHjZBGZftj2FaLdoKA=
-35,-17,bh8Ef1r0Z7xuVItLLaA/DhjhhFI=,SoepO4anaTHjZBGZftj2FaLdoKA=
-34,-17,bh8Ef1r0Z7xuVItLLaA/DhjhhFI=,SoepO4anaTHjZBGZftj2FaLdoKA=
-37,-17,bh8Ef1r0Z7xuVItLLaA/DhjhhFI=,SoepO4anaTHjZBGZftj2FaLdoKA=
-33,-32,bh8Ef1r0Z7xuVItLLaA/DhjhhFI=,nTy14UrIfVuvIIWrbIdSaEh/FH8=
-33,-25,bh8Ef1r0Z7xuVItLLaA/DhjhhFI=,nTy14UrIfVuvIIWrbIdSaEh/FH8=
-33,-19,bh8Ef1r0Z7xuVItLLaA/DhjhhFI=,SoepO4anaTHjZBGZftj2FaLdoKA=
-33,-20,bh8Ef1r0Z7xuVItLLaA/DhjhhFI=,SoepO4anaTHjZBGZftj2FaLdoKA=
-33,-23,bh8Ef1r0Z7xuVItLLaA/DhjhhFI=,SoepO4anaTHjZBGZftj2FaLdoKA=
-33,-24,bh8Ef1r0Z7xuVItLLaA/DhjhhFI=,SoepO4anaTHjZBGZftj2FaLdoKA=
-33,-18,bh8Ef1r0Z7xuVItLLaA/DhjhhFI=,SoepO4anaTHjZBGZftj2FaLdoKA=
-33,-22,bh8Ef1r0Z7xuVItLLaA/DhjhhFI=,SoepO4anaTHjZBGZftj2FaLdoKA=
-33,-21,bh8Ef1r0Z7xuVItLLaA/DhjhhFI=,SoepO4anaTHjZBGZftj2FaLdoKA=
-33,-17,bh8Ef1r0Z7xuVItLLaA/DhjhhFI=,SoepO4anaTHjZBGZftj2FaLdoKA=
-39,-17,bh8Ef1r0Z7xuVItLLaA/DhjhhFI=,SoepO4anaTHjZBGZftj2FaLdoKA=
-38,-17,bh8Ef1r0Z7xuVItLLaA/DhjhhFI=,SoepO4anaTHjZBGZftj2FaLdoKA=
-45,-27,bh8Ef1r0Z7xuVItLLaA/DhjhhFI=,AP8gv+XlMJhjWKSBGKiZfzkQhEE=
-41,-28,bh8Ef1r0Z7xuVItLLaA/DhjhhFI=,AP8gv+XlMJhjWKSBGKiZfzkQhEE=
-44,-27,bh8Ef1r0Z7xuVItLLaA/DhjhhFI=,AP8gv+XlMJhjWKSBGKiZfzkQhEE=
-46,-27,bh8Ef1r0Z7xuVItLLaA/DhjhhFI=,AP8gv+XlMJhjWKSBGKiZfzkQhEE=
-48,-27,bh8Ef1r0Z7xuVItLLaA/DhjhhFI=,AP8gv+XlMJhjWKSBGKiZfzkQhEE=
-47,-27,bh8Ef1r0Z7xuVItLLaA/DhjhhFI=,AP8gv+XlMJhjWKSBGKiZfzkQhEE=
-42,-28,bh8Ef1r0Z7xuVItLLaA/DhjhhFI=,AP8gv+XlMJhjWKSBGKiZfzkQhEE=
-43,-28,bh8Ef1r0Z7xuVItLLaA/DhjhhFI=,AP8gv+XlMJhjWKSBGKiZfzkQhEE=
-44,-28,bh8Ef1r0Z7xuVItLLaA/DhjhhFI=,AP8gv+XlMJhjWKSBGKiZfzkQhEE=
-45,-28,bh8Ef1r0Z7xuVItLLaA/DhjhhFI=,AP8gv+XlMJhjWKSBGKiZfzkQhEE=
-43,-27,bh8Ef1r0Z7xuVItLLaA/DhjhhFI=,AP8gv+XlMJhjWKSBGKiZfzkQhEE=
-47,-28,bh8Ef1r0Z7xuVItLLaA/DhjhhFI=,AP8gv+XlMJhjWKSBGKiZfzkQhEE=
-41,-29,bh8Ef1r0Z7xuVItLLaA/DhjhhFI=,AP8gv+XlMJhjWKSBGKiZfzkQhEE=
-43,-29,bh8Ef1r0Z7xuVItLLaA/DhjhhFI=,AP8gv+XlMJhjWKSBGKiZfzkQhEE=
-42,-29,bh8Ef1r0Z7xuVItLLaA/DhjhhFI=,AP8gv+XlMJhjWKSBGKiZfzkQhEE=
-44,-29,bh8Ef1r0Z7xuVItLLaA/DhjhhFI=,AP8gv+XlMJhjWKSBGKiZfzkQhEE=
-45,-29,bh8Ef1r0Z7xuVItLLaA/DhjhhFI=,AP8gv+XlMJhjWKSBGKiZfzkQhEE=
-46,-29,bh8Ef1r0Z7xuVItLLaA/DhjhhFI=,AP8gv+XlMJhjWKSBGKiZfzkQhEE=
-47,-29,bh8Ef1r0Z7xuVItLLaA/DhjhhFI=,AP8gv+XlMJhjWKSBGKiZfzkQhEE=
-48,-29,bh8Ef1r0Z7xuVItLLaA/DhjhhFI=,AP8gv+XlMJhjWKSBGKiZfzkQhEE=
-48,-28,bh8Ef1r0Z7xuVItLLaA/DhjhhFI=,AP8gv+XlMJhjWKSBGKiZfzkQhEE=
-41,-30,bh8Ef1r0Z7xuVItLLaA/DhjhhFI=,AP8gv+XlMJhjWKSBGKiZfzkQhEE=
-42,-30,bh8Ef1r0Z7xuVItLLaA/DhjhhFI=,AP8gv+XlMJhjWKSBGKiZfzkQhEE=
-43,-30,bh8Ef1r0Z7xuVItLLaA/DhjhhFI=,AP8gv+XlMJhjWKSBGKiZfzkQhEE=
-44,-30,bh8Ef1r0Z7xuVItLLaA/DhjhhFI=,AP8gv+XlMJhjWKSBGKiZfzkQhEE=
-45,-30,bh8Ef1r0Z7xuVItLLaA/DhjhhFI=,AP8gv+XlMJhjWKSBGKiZfzkQhEE=
-46,-30,bh8Ef1r0Z7xuVItLLaA/DhjhhFI=,AP8gv+XlMJhjWKSBGKiZfzkQhEE=
-47,-30,bh8Ef1r0Z7xuVItLLaA/DhjhhFI=,AP8gv+XlMJhjWKSBGKiZfzkQhEE=
-48,-30,bh8Ef1r0Z7xuVItLLaA/DhjhhFI=,AP8gv+XlMJhjWKSBGKiZfzkQhEE=
-41,-31,bh8Ef1r0Z7xuVItLLaA/DhjhhFI=,AP8gv+XlMJhjWKSBGKiZfzkQhEE=
-40,-28,bh8Ef1r0Z7xuVItLLaA/DhjhhFI=,nTy14UrIfVuvIIWrbIdSaEh/FH8=
-42,-31,bh8Ef1r0Z7xuVItLLaA/DhjhhFI=,AP8gv+XlMJhjWKSBGKiZfzkQhEE=
-43,-31,bh8Ef1r0Z7xuVItLLaA/DhjhhFI=,AP8gv+XlMJhjWKSBGKiZfzkQhEE=
-44,-31,bh8Ef1r0Z7xuVItLLaA/DhjhhFI=,AP8gv+XlMJhjWKSBGKiZfzkQhEE=
-45,-31,bh8Ef1r0Z7xuVItLLaA/DhjhhFI=,AP8gv+XlMJhjWKSBGKiZfzkQhEE=
-46,-31,bh8Ef1r0Z7xuVItLLaA/DhjhhFI=,AP8gv+XlMJhjWKSBGKiZfzkQhEE=
-47,-31,bh8Ef1r0Z7xuVItLLaA/DhjhhFI=,AP8gv+XlMJhjWKSBGKiZfzkQhEE=
-40,-26,bh8Ef1r0Z7xuVItLLaA/DhjhhFI=,nTy14UrIfVuvIIWrbIdSaEh/FH8=
-48,-31,bh8Ef1r0Z7xuVItLLaA/DhjhhFI=,AP8gv+XlMJhjWKSBGKiZfzkQhEE=
-41,-32,bh8Ef1r0Z7xuVItLLaA/DhjhhFI=,AP8gv+XlMJhjWKSBGKiZfzkQhEE=
-42,-32,bh8Ef1r0Z7xuVItLLaA/DhjhhFI=,AP8gv+XlMJhjWKSBGKiZfzkQhEE=
-40,-29,bh8Ef1r0Z7xuVItLLaA/DhjhhFI=,nTy14UrIfVuvIIWrbIdSaEh/FH8=
-40,-30,bh8Ef1r0Z7xuVItLLaA/DhjhhFI=,nTy14UrIfVuvIIWrbIdSaEh/FH8=
-40,-27,bh8Ef1r0Z7xuVItLLaA/DhjhhFI=,nTy14UrIfVuvIIWrbIdSaEh/FH8=
-41,-26,bh8Ef1r0Z7xuVItLLaA/DhjhhFI=,AP8gv+XlMJhjWKSBGKiZfzkQhEE=
-42,-27,bh8Ef1r0Z7xuVItLLaA/DhjhhFI=,AP8gv+XlMJhjWKSBGKiZfzkQhEE=
-40,-32,bh8Ef1r0Z7xuVItLLaA/DhjhhFI=,nTy14UrIfVuvIIWrbIdSaEh/FH8=
-48,-32,bh8Ef1r0Z7xuVItLLaA/DhjhhFI=,AP8gv+XlMJhjWKSBGKiZfzkQhEE=
-47,-32,bh8Ef1r0Z7xuVItLLaA/DhjhhFI=,AP8gv+XlMJhjWKSBGKiZfzkQhEE=
-42,-26,bh8Ef1r0Z7xuVItLLaA/DhjhhFI=,AP8gv+XlMJhjWKSBGKiZfzkQhEE=
-43,-32,bh8Ef1r0Z7xuVItLLaA/DhjhhFI=,AP8gv+XlMJhjWKSBGKiZfzkQhEE=
-44,-32,bh8Ef1r0Z7xuVItLLaA/DhjhhFI=,AP8gv+XlMJhjWKSBGKiZfzkQhEE=
-45,-32,bh8Ef1r0Z7xuVItLLaA/DhjhhFI=,AP8gv+XlMJhjWKSBGKiZfzkQhEE=
-46,-26,bh8Ef1r0Z7xuVItLLaA/DhjhhFI=,AP8gv+XlMJhjWKSBGKiZfzkQhEE=
-46,-32,bh8Ef1r0Z7xuVItLLaA/DhjhhFI=,AP8gv+XlMJhjWKSBGKiZfzkQhEE=
-40,-31,bh8Ef1r0Z7xuVItLLaA/DhjhhFI=,nTy14UrIfVuvIIWrbIdSaEh/FH8=
-45,-26,bh8Ef1r0Z7xuVItLLaA/DhjhhFI=,AP8gv+XlMJhjWKSBGKiZfzkQhEE=
-44,-26,bh8Ef1r0Z7xuVItLLaA/DhjhhFI=,AP8gv+XlMJhjWKSBGKiZfzkQhEE=
-41,-27,bh8Ef1r0Z7xuVItLLaA/DhjhhFI=,AP8gv+XlMJhjWKSBGKiZfzkQhEE=
-47,-26,bh8Ef1r0Z7xuVItLLaA/DhjhhFI=,AP8gv+XlMJhjWKSBGKiZfzkQhEE=
-48,-26,bh8Ef1r0Z7xuVItLLaA/DhjhhFI=,AP8gv+XlMJhjWKSBGKiZfzkQhEE=
-43,-26,bh8Ef1r0Z7xuVItLLaA/DhjhhFI=,AP8gv+XlMJhjWKSBGKiZfzkQhEE=
-46,-28,bh8Ef1r0Z7xuVItLLaA/DhjhhFI=,AP8gv+XlMJhjWKSBGKiZfzkQhEE=
-41,-17,bh8Ef1r0Z7xuVItLLaA/DhjhhFI=,SgjHm74Zl6HzqzonLyfZLW0iPm0=
-42,-17,bh8Ef1r0Z7xuVItLLaA/DhjhhFI=,SgjHm74Zl6HzqzonLyfZLW0iPm0=
-43,-17,bh8Ef1r0Z7xuVItLLaA/DhjhhFI=,SgjHm74Zl6HzqzonLyfZLW0iPm0=
-44,-17,bh8Ef1r0Z7xuVItLLaA/DhjhhFI=,SgjHm74Zl6HzqzonLyfZLW0iPm0=
-45,-17,bh8Ef1r0Z7xuVItLLaA/DhjhhFI=,SgjHm74Zl6HzqzonLyfZLW0iPm0=
-47,-21,bh8Ef1r0Z7xuVItLLaA/DhjhhFI=,SgjHm74Zl6HzqzonLyfZLW0iPm0=
-46,-17,bh8Ef1r0Z7xuVItLLaA/DhjhhFI=,SgjHm74Zl6HzqzonLyfZLW0iPm0=
-47,-17,bh8Ef1r0Z7xuVItLLaA/DhjhhFI=,SgjHm74Zl6HzqzonLyfZLW0iPm0=
-48,-21,bh8Ef1r0Z7xuVItLLaA/DhjhhFI=,SgjHm74Zl6HzqzonLyfZLW0iPm0=
-41,-22,bh8Ef1r0Z7xuVItLLaA/DhjhhFI=,SgjHm74Zl6HzqzonLyfZLW0iPm0=
-48,-17,bh8Ef1r0Z7xuVItLLaA/DhjhhFI=,SgjHm74Zl6HzqzonLyfZLW0iPm0=
-46,-21,bh8Ef1r0Z7xuVItLLaA/DhjhhFI=,SgjHm74Zl6HzqzonLyfZLW0iPm0=
-40,-25,bh8Ef1r0Z7xuVItLLaA/DhjhhFI=,nTy14UrIfVuvIIWrbIdSaEh/FH8=
-42,-22,bh8Ef1r0Z7xuVItLLaA/DhjhhFI=,SgjHm74Zl6HzqzonLyfZLW0iPm0=
-41,-18,bh8Ef1r0Z7xuVItLLaA/DhjhhFI=,SgjHm74Zl6HzqzonLyfZLW0iPm0=
-43,-22,bh8Ef1r0Z7xuVItLLaA/DhjhhFI=,SgjHm74Zl6HzqzonLyfZLW0iPm0=
-44,-22,bh8Ef1r0Z7xuVItLLaA/DhjhhFI=,SgjHm74Zl6HzqzonLyfZLW0iPm0=
-45,-21,bh8Ef1r0Z7xuVItLLaA/DhjhhFI=,SgjHm74Zl6HzqzonLyfZLW0iPm0=
-40,-18,bh8Ef1r0Z7xuVItLLaA/DhjhhFI=,SoepO4anaTHjZBGZftj2FaLdoKA=
-48,-22,bh8Ef1r0Z7xuVItLLaA/DhjhhFI=,SgjHm74Zl6HzqzonLyfZLW0iPm0=
-41,-23,bh8Ef1r0Z7xuVItLLaA/DhjhhFI=,SgjHm74Zl6HzqzonLyfZLW0iPm0=
-42,-23,bh8Ef1r0Z7xuVItLLaA/DhjhhFI=,SgjHm74Zl6HzqzonLyfZLW0iPm0=
-40,-22,bh8Ef1r0Z7xuVItLLaA/DhjhhFI=,SoepO4anaTHjZBGZftj2FaLdoKA=
-43,-23,bh8Ef1r0Z7xuVItLLaA/DhjhhFI=,SgjHm74Zl6HzqzonLyfZLW0iPm0=
-44,-23,bh8Ef1r0Z7xuVItLLaA/DhjhhFI=,SgjHm74Zl6HzqzonLyfZLW0iPm0=
-42,-18,bh8Ef1r0Z7xuVItLLaA/DhjhhFI=,SgjHm74Zl6HzqzonLyfZLW0iPm0=
-44,-18,bh8Ef1r0Z7xuVItLLaA/DhjhhFI=,SgjHm74Zl6HzqzonLyfZLW0iPm0=
-45,-18,bh8Ef1r0Z7xuVItLLaA/DhjhhFI=,SgjHm74Zl6HzqzonLyfZLW0iPm0=
-46,-18,bh8Ef1r0Z7xuVItLLaA/DhjhhFI=,SgjHm74Zl6HzqzonLyfZLW0iPm0=
-47,-18,bh8Ef1r0Z7xuVItLLaA/DhjhhFI=,SgjHm74Zl6HzqzonLyfZLW0iPm0=
-43,-18,bh8Ef1r0Z7xuVItLLaA/DhjhhFI=,SgjHm74Zl6HzqzonLyfZLW0iPm0=
-40,-19,bh8Ef1r0Z7xuVItLLaA/DhjhhFI=,SoepO4anaTHjZBGZftj2FaLdoKA=
-45,-22,bh8Ef1r0Z7xuVItLLaA/DhjhhFI=,SgjHm74Zl6HzqzonLyfZLW0iPm0=
-46,-22,bh8Ef1r0Z7xuVItLLaA/DhjhhFI=,SgjHm74Zl6HzqzonLyfZLW0iPm0=
-41,-24,bh8Ef1r0Z7xuVItLLaA/DhjhhFI=,SgjHm74Zl6HzqzonLyfZLW0iPm0=
-42,-24,bh8Ef1r0Z7xuVItLLaA/DhjhhFI=,SgjHm74Zl6HzqzonLyfZLW0iPm0=
-43,-24,bh8Ef1r0Z7xuVItLLaA/DhjhhFI=,SgjHm74Zl6HzqzonLyfZLW0iPm0=
-40,-23,bh8Ef1r0Z7xuVItLLaA/DhjhhFI=,SoepO4anaTHjZBGZftj2FaLdoKA=
-44,-24,bh8Ef1r0Z7xuVItLLaA/DhjhhFI=,SgjHm74Zl6HzqzonLyfZLW0iPm0=
-45,-24,bh8Ef1r0Z7xuVItLLaA/DhjhhFI=,SgjHm74Zl6HzqzonLyfZLW0iPm0=
-46,-24,bh8Ef1r0Z7xuVItLLaA/DhjhhFI=,SgjHm74Zl6HzqzonLyfZLW0iPm0=
-45,-23,bh8Ef1r0Z7xuVItLLaA/DhjhhFI=,SgjHm74Zl6HzqzonLyfZLW0iPm0=
-47,-22,bh8Ef1r0Z7xuVItLLaA/DhjhhFI=,SgjHm74Zl6HzqzonLyfZLW0iPm0=
-41,-25,bh8Ef1r0Z7xuVItLLaA/DhjhhFI=,AP8gv+XlMJhjWKSBGKiZfzkQhEE=
-46,-23,bh8Ef1r0Z7xuVItLLaA/DhjhhFI=,SgjHm74Zl6HzqzonLyfZLW0iPm0=
-43,-25,bh8Ef1r0Z7xuVItLLaA/DhjhhFI=,AP8gv+XlMJhjWKSBGKiZfzkQhEE=
-42,-25,bh8Ef1r0Z7xuVItLLaA/DhjhhFI=,AP8gv+XlMJhjWKSBGKiZfzkQhEE=
-48,-23,bh8Ef1r0Z7xuVItLLaA/DhjhhFI=,SgjHm74Zl6HzqzonLyfZLW0iPm0=
-48,-18,bh8Ef1r0Z7xuVItLLaA/DhjhhFI=,SgjHm74Zl6HzqzonLyfZLW0iPm0=
-47,-24,bh8Ef1r0Z7xuVItLLaA/DhjhhFI=,SgjHm74Zl6HzqzonLyfZLW0iPm0=
-44,-25,bh8Ef1r0Z7xuVItLLaA/DhjhhFI=,AP8gv+XlMJhjWKSBGKiZfzkQhEE=
-45,-25,bh8Ef1r0Z7xuVItLLaA/DhjhhFI=,AP8gv+XlMJhjWKSBGKiZfzkQhEE=
-40,-20,bh8Ef1r0Z7xuVItLLaA/DhjhhFI=,SoepO4anaTHjZBGZftj2FaLdoKA=
-45,-19,bh8Ef1r0Z7xuVItLLaA/DhjhhFI=,SgjHm74Zl6HzqzonLyfZLW0iPm0=
-40,-17,bh8Ef1r0Z7xuVItLLaA/DhjhhFI=,SoepO4anaTHjZBGZftj2FaLdoKA=
-46,-19,bh8Ef1r0Z7xuVItLLaA/DhjhhFI=,SgjHm74Zl6HzqzonLyfZLW0iPm0=
-47,-19,bh8Ef1r0Z7xuVItLLaA/DhjhhFI=,SgjHm74Zl6HzqzonLyfZLW0iPm0=
-40,-24,bh8Ef1r0Z7xuVItLLaA/DhjhhFI=,SoepO4anaTHjZBGZftj2FaLdoKA=
-40,-21,bh8Ef1r0Z7xuVItLLaA/DhjhhFI=,SoepO4anaTHjZBGZftj2FaLdoKA=
-48,-19,bh8Ef1r0Z7xuVItLLaA/DhjhhFI=,SgjHm74Zl6HzqzonLyfZLW0iPm0=
-44,-19,bh8Ef1r0Z7xuVItLLaA/DhjhhFI=,SgjHm74Zl6HzqzonLyfZLW0iPm0=
-48,-24,bh8Ef1r0Z7xuVItLLaA/DhjhhFI=,SgjHm74Zl6HzqzonLyfZLW0iPm0=
-41,-19,bh8Ef1r0Z7xuVItLLaA/DhjhhFI=,SgjHm74Zl6HzqzonLyfZLW0iPm0=
-42,-19,bh8Ef1r0Z7xuVItLLaA/DhjhhFI=,SgjHm74Zl6HzqzonLyfZLW0iPm0=
-44,-21,bh8Ef1r0Z7xuVItLLaA/DhjhhFI=,SgjHm74Zl6HzqzonLyfZLW0iPm0=
-45,-20,bh8Ef1r0Z7xuVItLLaA/DhjhhFI=,SgjHm74Zl6HzqzonLyfZLW0iPm0=
-43,-21,bh8Ef1r0Z7xuVItLLaA/DhjhhFI=,SgjHm74Zl6HzqzonLyfZLW0iPm0=
-46,-25,bh8Ef1r0Z7xuVItLLaA/DhjhhFI=,AP8gv+XlMJhjWKSBGKiZfzkQhEE=
-47,-20,bh8Ef1r0Z7xuVItLLaA/DhjhhFI=,SgjHm74Zl6HzqzonLyfZLW0iPm0=
-47,-23,bh8Ef1r0Z7xuVItLLaA/DhjhhFI=,SgjHm74Zl6HzqzonLyfZLW0iPm0=
-42,-21,bh8Ef1r0Z7xuVItLLaA/DhjhhFI=,SgjHm74Zl6HzqzonLyfZLW0iPm0=
-48,-20,bh8Ef1r0Z7xuVItLLaA/DhjhhFI=,SgjHm74Zl6HzqzonLyfZLW0iPm0=
-41,-21,bh8Ef1r0Z7xuVItLLaA/DhjhhFI=,SgjHm74Zl6HzqzonLyfZLW0iPm0=
-42,-20,bh8Ef1r0Z7xuVItLLaA/DhjhhFI=,SgjHm74Zl6HzqzonLyfZLW0iPm0=
-43,-19,bh8Ef1r0Z7xuVItLLaA/DhjhhFI=,SgjHm74Zl6HzqzonLyfZLW0iPm0=
-47,-25,bh8Ef1r0Z7xuVItLLaA/DhjhhFI=,AP8gv+XlMJhjWKSBGKiZfzkQhEE=
-46,-20,bh8Ef1r0Z7xuVItLLaA/DhjhhFI=,SgjHm74Zl6HzqzonLyfZLW0iPm0=
-43,-20,bh8Ef1r0Z7xuVItLLaA/DhjhhFI=,SgjHm74Zl6HzqzonLyfZLW0iPm0=
-44,-20,bh8Ef1r0Z7xuVItLLaA/DhjhhFI=,SgjHm74Zl6HzqzonLyfZLW0iPm0=
-41,-20,bh8Ef1r0Z7xuVItLLaA/DhjhhFI=,SgjHm74Zl6HzqzonLyfZLW0iPm0=
-48,-25,bh8Ef1r0Z7xuVItLLaA/DhjhhFI=,AP8gv+XlMJhjWKSBGKiZfzkQhEE=
-58,-20,qh5b6h6ystjxXPK9YnE08R4agrw=,8Hw5jLfcposYvfS2n4vo5vZJi8Q=
-59,-20,qh5b6h6ystjxXPK9YnE08R4agrw=,8Hw5jLfcposYvfS2n4vo5vZJi8Q=
-60,-20,qh5b6h6ystjxXPK9YnE08R4agrw=,8Hw5jLfcposYvfS2n4vo5vZJi8Q=
-61,-20,qh5b6h6ystjxXPK9YnE08R4agrw=,8Hw5jLfcposYvfS2n4vo5vZJi8Q=
-63,-20,qh5b6h6ystjxXPK9YnE08R4agrw=,8Hw5jLfcposYvfS2n4vo5vZJi8Q=
-62,-20,qh5b6h6ystjxXPK9YnE08R4agrw=,8Hw5jLfcposYvfS2n4vo5vZJi8Q=
-64,-20,qh5b6h6ystjxXPK9YnE08R4agrw=,8Hw5jLfcposYvfS2n4vo5vZJi8Q=
-59,-21,qh5b6h6ystjxXPK9YnE08R4agrw=,8Hw5jLfcposYvfS2n4vo5vZJi8Q=
-60,-21,qh5b6h6ystjxXPK9YnE08R4agrw=,8Hw5jLfcposYvfS2n4vo5vZJi8Q=
-58,-21,qh5b6h6ystjxXPK9YnE08R4agrw=,8Hw5jLfcposYvfS2n4vo5vZJi8Q=
-50,-18,qh5b6h6ystjxXPK9YnE08R4agrw=,NtpMr8wBphvnSV3BqoqNHbnkqkc=
-49,-18,qh5b6h6ystjxXPK9YnE08R4agrw=,NtpMr8wBphvnSV3BqoqNHbnkqkc=
-57,-20,qh5b6h6ystjxXPK9YnE08R4agrw=,8Hw5jLfcposYvfS2n4vo5vZJi8Q=
-56,-17,qh5b6h6ystjxXPK9YnE08R4agrw=,NtpMr8wBphvnSV3BqoqNHbnkqkc=
-55,-17,qh5b6h6ystjxXPK9YnE08R4agrw=,NtpMr8wBphvnSV3BqoqNHbnkqkc=
-54,-17,qh5b6h6ystjxXPK9YnE08R4agrw=,NtpMr8wBphvnSV3BqoqNHbnkqkc=
-53,-17,qh5b6h6ystjxXPK9YnE08R4agrw=,NtpMr8wBphvnSV3BqoqNHbnkqkc=
-52,-23,qh5b6h6ystjxXPK9YnE08R4agrw=,NtpMr8wBphvnSV3BqoqNHbnkqkc=
-52,-17,qh5b6h6ystjxXPK9YnE08R4agrw=,NtpMr8wBphvnSV3BqoqNHbnkqkc=
-56,-18,qh5b6h6ystjxXPK9YnE08R4agrw=,NtpMr8wBphvnSV3BqoqNHbnkqkc=
-51,-17,qh5b6h6ystjxXPK9YnE08R4agrw=,NtpMr8wBphvnSV3BqoqNHbnkqkc=
-50,-17,qh5b6h6ystjxXPK9YnE08R4agrw=,NtpMr8wBphvnSV3BqoqNHbnkqkc=
-57,-19,qh5b6h6ystjxXPK9YnE08R4agrw=,8Hw5jLfcposYvfS2n4vo5vZJi8Q=
-56,-19,qh5b6h6ystjxXPK9YnE08R4agrw=,NtpMr8wBphvnSV3BqoqNHbnkqkc=
-51,-23,qh5b6h6ystjxXPK9YnE08R4agrw=,NtpMr8wBphvnSV3BqoqNHbnkqkc=
-52,-22,qh5b6h6ystjxXPK9YnE08R4agrw=,NtpMr8wBphvnSV3BqoqNHbnkqkc=
-49,-17,qh5b6h6ystjxXPK9YnE08R4agrw=,NtpMr8wBphvnSV3BqoqNHbnkqkc=
-50,-23,qh5b6h6ystjxXPK9YnE08R4agrw=,NtpMr8wBphvnSV3BqoqNHbnkqkc=
-49,-23,qh5b6h6ystjxXPK9YnE08R4agrw=,NtpMr8wBphvnSV3BqoqNHbnkqkc=
-49,-19,qh5b6h6ystjxXPK9YnE08R4agrw=,NtpMr8wBphvnSV3BqoqNHbnkqkc=
-51,-22,qh5b6h6ystjxXPK9YnE08R4agrw=,NtpMr8wBphvnSV3BqoqNHbnkqkc=
-61,-21,qh5b6h6ystjxXPK9YnE08R4agrw=,8Hw5jLfcposYvfS2n4vo5vZJi8Q=
-55,-18,qh5b6h6ystjxXPK9YnE08R4agrw=,NtpMr8wBphvnSV3BqoqNHbnkqkc=
-50,-22,qh5b6h6ystjxXPK9YnE08R4agrw=,NtpMr8wBphvnSV3BqoqNHbnkqkc=
-55,-19,qh5b6h6ystjxXPK9YnE08R4agrw=,NtpMr8wBphvnSV3BqoqNHbnkqkc=
-49,-22,qh5b6h6ystjxXPK9YnE08R4agrw=,NtpMr8wBphvnSV3BqoqNHbnkqkc=
-56,-22,qh5b6h6ystjxXPK9YnE08R4agrw=,NtpMr8wBphvnSV3BqoqNHbnkqkc=
-54,-19,qh5b6h6ystjxXPK9YnE08R4agrw=,NtpMr8wBphvnSV3BqoqNHbnkqkc=
-56,-20,qh5b6h6ystjxXPK9YnE08R4agrw=,NtpMr8wBphvnSV3BqoqNHbnkqkc=
-55,-20,qh5b6h6ystjxXPK9YnE08R4agrw=,NtpMr8wBphvnSV3BqoqNHbnkqkc=
-57,-18,qh5b6h6ystjxXPK9YnE08R4agrw=,8Hw5jLfcposYvfS2n4vo5vZJi8Q=
-54,-20,qh5b6h6ystjxXPK9YnE08R4agrw=,NtpMr8wBphvnSV3BqoqNHbnkqkc=
-55,-22,qh5b6h6ystjxXPK9YnE08R4agrw=,NtpMr8wBphvnSV3BqoqNHbnkqkc=
-56,-21,qh5b6h6ystjxXPK9YnE08R4agrw=,NtpMr8wBphvnSV3BqoqNHbnkqkc=
-54,-18,qh5b6h6ystjxXPK9YnE08R4agrw=,NtpMr8wBphvnSV3BqoqNHbnkqkc=
-53,-20,qh5b6h6ystjxXPK9YnE08R4agrw=,NtpMr8wBphvnSV3BqoqNHbnkqkc=
-52,-20,qh5b6h6ystjxXPK9YnE08R4agrw=,NtpMr8wBphvnSV3BqoqNHbnkqkc=
-56,-23,qh5b6h6ystjxXPK9YnE08R4agrw=,NtpMr8wBphvnSV3BqoqNHbnkqkc=
-57,-17,qh5b6h6ystjxXPK9YnE08R4agrw=,8Hw5jLfcposYvfS2n4vo5vZJi8Q=
-51,-20,qh5b6h6ystjxXPK9YnE08R4agrw=,NtpMr8wBphvnSV3BqoqNHbnkqkc=
-55,-23,qh5b6h6ystjxXPK9YnE08R4agrw=,NtpMr8wBphvnSV3BqoqNHbnkqkc=
-54,-23,qh5b6h6ystjxXPK9YnE08R4agrw=,NtpMr8wBphvnSV3BqoqNHbnkqkc=
-54,-22,qh5b6h6ystjxXPK9YnE08R4agrw=,NtpMr8wBphvnSV3BqoqNHbnkqkc=
-50,-20,qh5b6h6ystjxXPK9YnE08R4agrw=,NtpMr8wBphvnSV3BqoqNHbnkqkc=
-55,-21,qh5b6h6ystjxXPK9YnE08R4agrw=,NtpMr8wBphvnSV3BqoqNHbnkqkc=
-53,-19,qh5b6h6ystjxXPK9YnE08R4agrw=,NtpMr8wBphvnSV3BqoqNHbnkqkc=
-53,-23,qh5b6h6ystjxXPK9YnE08R4agrw=,NtpMr8wBphvnSV3BqoqNHbnkqkc=
-54,-21,qh5b6h6ystjxXPK9YnE08R4agrw=,NtpMr8wBphvnSV3BqoqNHbnkqkc=
-57,-23,qh5b6h6ystjxXPK9YnE08R4agrw=,8Hw5jLfcposYvfS2n4vo5vZJi8Q=
-53,-21,qh5b6h6ystjxXPK9YnE08R4agrw=,NtpMr8wBphvnSV3BqoqNHbnkqkc=
-52,-21,qh5b6h6ystjxXPK9YnE08R4agrw=,NtpMr8wBphvnSV3BqoqNHbnkqkc=
-52,-19,qh5b6h6ystjxXPK9YnE08R4agrw=,NtpMr8wBphvnSV3BqoqNHbnkqkc=
-51,-19,qh5b6h6ystjxXPK9YnE08R4agrw=,NtpMr8wBphvnSV3BqoqNHbnkqkc=
-51,-21,qh5b6h6ystjxXPK9YnE08R4agrw=,NtpMr8wBphvnSV3BqoqNHbnkqkc=
-57,-22,qh5b6h6ystjxXPK9YnE08R4agrw=,8Hw5jLfcposYvfS2n4vo5vZJi8Q=
-53,-18,qh5b6h6ystjxXPK9YnE08R4agrw=,NtpMr8wBphvnSV3BqoqNHbnkqkc=
-53,-22,qh5b6h6ystjxXPK9YnE08R4agrw=,NtpMr8wBphvnSV3BqoqNHbnkqkc=
-52,-18,qh5b6h6ystjxXPK9YnE08R4agrw=,NtpMr8wBphvnSV3BqoqNHbnkqkc=
-50,-21,qh5b6h6ystjxXPK9YnE08R4agrw=,NtpMr8wBphvnSV3BqoqNHbnkqkc=
-49,-21,qh5b6h6ystjxXPK9YnE08R4agrw=,NtpMr8wBphvnSV3BqoqNHbnkqkc=
-50,-19,qh5b6h6ystjxXPK9YnE08R4agrw=,NtpMr8wBphvnSV3BqoqNHbnkqkc=
-57,-21,qh5b6h6ystjxXPK9YnE08R4agrw=,8Hw5jLfcposYvfS2n4vo5vZJi8Q=
-51,-18,qh5b6h6ystjxXPK9YnE08R4agrw=,NtpMr8wBphvnSV3BqoqNHbnkqkc=
-49,-20,qh5b6h6ystjxXPK9YnE08R4agrw=,NtpMr8wBphvnSV3BqoqNHbnkqkc=
-62,-21,qh5b6h6ystjxXPK9YnE08R4agrw=,8Hw5jLfcposYvfS2n4vo5vZJi8Q=
-63,-21,qh5b6h6ystjxXPK9YnE08R4agrw=,8Hw5jLfcposYvfS2n4vo5vZJi8Q=
-64,-21,qh5b6h6ystjxXPK9YnE08R4agrw=,8Hw5jLfcposYvfS2n4vo5vZJi8Q=
-59,-22,qh5b6h6ystjxXPK9YnE08R4agrw=,8Hw5jLfcposYvfS2n4vo5vZJi8Q=
-58,-22,qh5b6h6ystjxXPK9YnE08R4agrw=,8Hw5jLfcposYvfS2n4vo5vZJi8Q=
-61,-22,qh5b6h6ystjxXPK9YnE08R4agrw=,8Hw5jLfcposYvfS2n4vo5vZJi8Q=
-60,-22,qh5b6h6ystjxXPK9YnE08R4agrw=,8Hw5jLfcposYvfS2n4vo5vZJi8Q=
-62,-22,qh5b6h6ystjxXPK9YnE08R4agrw=,8Hw5jLfcposYvfS2n4vo5vZJi8Q=
-63,-22,qh5b6h6ystjxXPK9YnE08R4agrw=,8Hw5jLfcposYvfS2n4vo5vZJi8Q=
-58,-23,qh5b6h6ystjxXPK9YnE08R4agrw=,8Hw5jLfcposYvfS2n4vo5vZJi8Q=
-64,-22,qh5b6h6ystjxXPK9YnE08R4agrw=,8Hw5jLfcposYvfS2n4vo5vZJi8Q=
-59,-23,qh5b6h6ystjxXPK9YnE08R4agrw=,8Hw5jLfcposYvfS2n4vo5vZJi8Q=
-60,-23,qh5b6h6ystjxXPK9YnE08R4agrw=,8Hw5jLfcposYvfS2n4vo5vZJi8Q=
-61,-23,qh5b6h6ystjxXPK9YnE08R4agrw=,8Hw5jLfcposYvfS2n4vo5vZJi8Q=
-63,-23,qh5b6h6ystjxXPK9YnE08R4agrw=,8Hw5jLfcposYvfS2n4vo5vZJi8Q=
-62,-23,qh5b6h6ystjxXPK9YnE08R4agrw=,8Hw5jLfcposYvfS2n4vo5vZJi8Q=
-58,-17,qh5b6h6ystjxXPK9YnE08R4agrw=,8Hw5jLfcposYvfS2n4vo5vZJi8Q=
-59,-17,qh5b6h6ystjxXPK9YnE08R4agrw=,8Hw5jLfcposYvfS2n4vo5vZJi8Q=
-60,-17,qh5b6h6ystjxXPK9YnE08R4agrw=,8Hw5jLfcposYvfS2n4vo5vZJi8Q=
-64,-23,qh5b6h6ystjxXPK9YnE08R4agrw=,8Hw5jLfcposYvfS2n4vo5vZJi8Q=
-62,-17,qh5b6h6ystjxXPK9YnE08R4agrw=,8Hw5jLfcposYvfS2n4vo5vZJi8Q=
-61,-17,qh5b6h6ystjxXPK9YnE08R4agrw=,8Hw5jLfcposYvfS2n4vo5vZJi8Q=
-58,-24,qh5b6h6ystjxXPK9YnE08R4agrw=,8Hw5jLfcposYvfS2n4vo5vZJi8Q=
-63,-17,qh5b6h6ystjxXPK9YnE08R4agrw=,8Hw5jLfcposYvfS2n4vo5vZJi8Q=
-59,-24,qh5b6h6ystjxXPK9YnE08R4agrw=,8Hw5jLfcposYvfS2n4vo5vZJi8Q=
-58,-18,qh5b6h6ystjxXPK9YnE08R4agrw=,8Hw5jLfcposYvfS2n4vo5vZJi8Q=
-60,-24,qh5b6h6ystjxXPK9YnE08R4agrw=,8Hw5jLfcposYvfS2n4vo5vZJi8Q=
-61,-24,qh5b6h6ystjxXPK9YnE08R4agrw=,8Hw5jLfcposYvfS2n4vo5vZJi8Q=
-62,-24,qh5b6h6ystjxXPK9YnE08R4agrw=,8Hw5jLfcposYvfS2n4vo5vZJi8Q=
-63,-24,qh5b6h6ystjxXPK9YnE08R4agrw=,8Hw5jLfcposYvfS2n4vo5vZJi8Q=
-59,-18,qh5b6h6ystjxXPK9YnE08R4agrw=,8Hw5jLfcposYvfS2n4vo5vZJi8Q=
-64,-24,qh5b6h6ystjxXPK9YnE08R4agrw=,8Hw5jLfcposYvfS2n4vo5vZJi8Q=
-60,-18,qh5b6h6ystjxXPK9YnE08R4agrw=,8Hw5jLfcposYvfS2n4vo5vZJi8Q=
-64,-17,qh5b6h6ystjxXPK9YnE08R4agrw=,8Hw5jLfcposYvfS2n4vo5vZJi8Q=
-61,-18,qh5b6h6ystjxXPK9YnE08R4agrw=,8Hw5jLfcposYvfS2n4vo5vZJi8Q=
-62,-18,qh5b6h6ystjxXPK9YnE08R4agrw=,8Hw5jLfcposYvfS2n4vo5vZJi8Q=
-63,-18,qh5b6h6ystjxXPK9YnE08R4agrw=,8Hw5jLfcposYvfS2n4vo5vZJi8Q=
-64,-18,qh5b6h6ystjxXPK9YnE08R4agrw=,8Hw5jLfcposYvfS2n4vo5vZJi8Q=
-58,-19,qh5b6h6ystjxXPK9YnE08R4agrw=,8Hw5jLfcposYvfS2n4vo5vZJi8Q=
-59,-19,qh5b6h6ystjxXPK9YnE08R4agrw=,8Hw5jLfcposYvfS2n4vo5vZJi8Q=
-60,-19,qh5b6h6ystjxXPK9YnE08R4agrw=,8Hw5jLfcposYvfS2n4vo5vZJi8Q=
-61,-19,qh5b6h6ystjxXPK9YnE08R4agrw=,8Hw5jLfcposYvfS2n4vo5vZJi8Q=
-62,-19,qh5b6h6ystjxXPK9YnE08R4agrw=,8Hw5jLfcposYvfS2n4vo5vZJi8Q=
-63,-19,qh5b6h6ystjxXPK9YnE08R4agrw=,8Hw5jLfcposYvfS2n4vo5vZJi8Q=
-64,-19,qh5b6h6ystjxXPK9YnE08R4agrw=,8Hw5jLfcposYvfS2n4vo5vZJi8Q=
-51,-26,qh5b6h6ystjxXPK9YnE08R4agrw=,X/BW6nmLeXkXRtsZw8iWuHZnnsw=
-52,-26,qh5b6h6ystjxXPK9YnE08R4agrw=,X/BW6nmLeXkXRtsZw8iWuHZnnsw=
-53,-24,qh5b6h6ystjxXPK9YnE08R4agrw=,NtpMr8wBphvnSV3BqoqNHbnkqkc=
-56,-26,qh5b6h6ystjxXPK9YnE08R4agrw=,X/BW6nmLeXkXRtsZw8iWuHZnnsw=
-53,-26,qh5b6h6ystjxXPK9YnE08R4agrw=,X/BW6nmLeXkXRtsZw8iWuHZnnsw=
-55,-26,qh5b6h6ystjxXPK9YnE08R4agrw=,X/BW6nmLeXkXRtsZw8iWuHZnnsw=
-54,-26,qh5b6h6ystjxXPK9YnE08R4agrw=,X/BW6nmLeXkXRtsZw8iWuHZnnsw=
-50,-27,qh5b6h6ystjxXPK9YnE08R4agrw=,X/BW6nmLeXkXRtsZw8iWuHZnnsw=
-52,-27,qh5b6h6ystjxXPK9YnE08R4agrw=,X/BW6nmLeXkXRtsZw8iWuHZnnsw=
-53,-27,qh5b6h6ystjxXPK9YnE08R4agrw=,X/BW6nmLeXkXRtsZw8iWuHZnnsw=
-55,-27,qh5b6h6ystjxXPK9YnE08R4agrw=,X/BW6nmLeXkXRtsZw8iWuHZnnsw=
-51,-27,qh5b6h6ystjxXPK9YnE08R4agrw=,X/BW6nmLeXkXRtsZw8iWuHZnnsw=
-54,-27,qh5b6h6ystjxXPK9YnE08R4agrw=,X/BW6nmLeXkXRtsZw8iWuHZnnsw=
-54,-24,qh5b6h6ystjxXPK9YnE08R4agrw=,NtpMr8wBphvnSV3BqoqNHbnkqkc=
-55,-24,qh5b6h6ystjxXPK9YnE08R4agrw=,NtpMr8wBphvnSV3BqoqNHbnkqkc=
-50,-28,qh5b6h6ystjxXPK9YnE08R4agrw=,X/BW6nmLeXkXRtsZw8iWuHZnnsw=
-51,-28,qh5b6h6ystjxXPK9YnE08R4agrw=,X/BW6nmLeXkXRtsZw8iWuHZnnsw=
-53,-28,qh5b6h6ystjxXPK9YnE08R4agrw=,X/BW6nmLeXkXRtsZw8iWuHZnnsw=
-52,-28,qh5b6h6ystjxXPK9YnE08R4agrw=,X/BW6nmLeXkXRtsZw8iWuHZnnsw=
-50,-29,qh5b6h6ystjxXPK9YnE08R4agrw=,X/BW6nmLeXkXRtsZw8iWuHZnnsw=
-55,-28,qh5b6h6ystjxXPK9YnE08R4agrw=,X/BW6nmLeXkXRtsZw8iWuHZnnsw=
-50,-24,qh5b6h6ystjxXPK9YnE08R4agrw=,NtpMr8wBphvnSV3BqoqNHbnkqkc=
-49,-29,qh5b6h6ystjxXPK9YnE08R4agrw=,X/BW6nmLeXkXRtsZw8iWuHZnnsw=
-56,-27,qh5b6h6ystjxXPK9YnE08R4agrw=,X/BW6nmLeXkXRtsZw8iWuHZnnsw=
-57,-24,qh5b6h6ystjxXPK9YnE08R4agrw=,8Hw5jLfcposYvfS2n4vo5vZJi8Q=
-52,-29,qh5b6h6ystjxXPK9YnE08R4agrw=,X/BW6nmLeXkXRtsZw8iWuHZnnsw=
-53,-29,qh5b6h6ystjxXPK9YnE08R4agrw=,X/BW6nmLeXkXRtsZw8iWuHZnnsw=
-51,-24,qh5b6h6ystjxXPK9YnE08R4agrw=,NtpMr8wBphvnSV3BqoqNHbnkqkc=
-54,-29,qh5b6h6ystjxXPK9YnE08R4agrw=,X/BW6nmLeXkXRtsZw8iWuHZnnsw=
-54,-28,qh5b6h6ystjxXPK9YnE08R4agrw=,X/BW6nmLeXkXRtsZw8iWuHZnnsw=
-51,-29,qh5b6h6ystjxXPK9YnE08R4agrw=,X/BW6nmLeXkXRtsZw8iWuHZnnsw=
-52,-24,qh5b6h6ystjxXPK9YnE08R4agrw=,NtpMr8wBphvnSV3BqoqNHbnkqkc=
-56,-29,qh5b6h6ystjxXPK9YnE08R4agrw=,X/BW6nmLeXkXRtsZw8iWuHZnnsw=
-55,-29,qh5b6h6ystjxXPK9YnE08R4agrw=,X/BW6nmLeXkXRtsZw8iWuHZnnsw=
-56,-24,qh5b6h6ystjxXPK9YnE08R4agrw=,NtpMr8wBphvnSV3BqoqNHbnkqkc=
-50,-30,qh5b6h6ystjxXPK9YnE08R4agrw=,X/BW6nmLeXkXRtsZw8iWuHZnnsw=
-53,-30,qh5b6h6ystjxXPK9YnE08R4agrw=,X/BW6nmLeXkXRtsZw8iWuHZnnsw=
-49,-30,qh5b6h6ystjxXPK9YnE08R4agrw=,X/BW6nmLeXkXRtsZw8iWuHZnnsw=
-50,-25,qh5b6h6ystjxXPK9YnE08R4agrw=,X/BW6nmLeXkXRtsZw8iWuHZnnsw=
-51,-25,qh5b6h6ystjxXPK9YnE08R4agrw=,X/BW6nmLeXkXRtsZw8iWuHZnnsw=
-56,-28,qh5b6h6ystjxXPK9YnE08R4agrw=,X/BW6nmLeXkXRtsZw8iWuHZnnsw=
-54,-30,qh5b6h6ystjxXPK9YnE08R4agrw=,X/BW6nmLeXkXRtsZw8iWuHZnnsw=
-52,-25,qh5b6h6ystjxXPK9YnE08R4agrw=,X/BW6nmLeXkXRtsZw8iWuHZnnsw=
-53,-25,qh5b6h6ystjxXPK9YnE08R4agrw=,X/BW6nmLeXkXRtsZw8iWuHZnnsw=
-51,-30,qh5b6h6ystjxXPK9YnE08R4agrw=,X/BW6nmLeXkXRtsZw8iWuHZnnsw=
-55,-30,qh5b6h6ystjxXPK9YnE08R4agrw=,X/BW6nmLeXkXRtsZw8iWuHZnnsw=
-56,-30,qh5b6h6ystjxXPK9YnE08R4agrw=,X/BW6nmLeXkXRtsZw8iWuHZnnsw=
-50,-31,qh5b6h6ystjxXPK9YnE08R4agrw=,X/BW6nmLeXkXRtsZw8iWuHZnnsw=
-49,-31,qh5b6h6ystjxXPK9YnE08R4agrw=,X/BW6nmLeXkXRtsZw8iWuHZnnsw=
-52,-30,qh5b6h6ystjxXPK9YnE08R4agrw=,X/BW6nmLeXkXRtsZw8iWuHZnnsw=
-55,-25,qh5b6h6ystjxXPK9YnE08R4agrw=,X/BW6nmLeXkXRtsZw8iWuHZnnsw=
-52,-31,qh5b6h6ystjxXPK9YnE08R4agrw=,X/BW6nmLeXkXRtsZw8iWuHZnnsw=
-54,-25,qh5b6h6ystjxXPK9YnE08R4agrw=,X/BW6nmLeXkXRtsZw8iWuHZnnsw=
-53,-31,qh5b6h6ystjxXPK9YnE08R4agrw=,X/BW6nmLeXkXRtsZw8iWuHZnnsw=
-51,-31,qh5b6h6ystjxXPK9YnE08R4agrw=,X/BW6nmLeXkXRtsZw8iWuHZnnsw=
-56,-31,qh5b6h6ystjxXPK9YnE08R4agrw=,X/BW6nmLeXkXRtsZw8iWuHZnnsw=
-49,-32,qh5b6h6ystjxXPK9YnE08R4agrw=,X/BW6nmLeXkXRtsZw8iWuHZnnsw=
-51,-32,qh5b6h6ystjxXPK9YnE08R4agrw=,X/BW6nmLeXkXRtsZw8iWuHZnnsw=
-50,-32,qh5b6h6ystjxXPK9YnE08R4agrw=,X/BW6nmLeXkXRtsZw8iWuHZnnsw=
-54,-31,qh5b6h6ystjxXPK9YnE08R4agrw=,X/BW6nmLeXkXRtsZw8iWuHZnnsw=
-55,-31,qh5b6h6ystjxXPK9YnE08R4agrw=,X/BW6nmLeXkXRtsZw8iWuHZnnsw=
-52,-32,qh5b6h6ystjxXPK9YnE08R4agrw=,X/BW6nmLeXkXRtsZw8iWuHZnnsw=
-53,-32,qh5b6h6ystjxXPK9YnE08R4agrw=,X/BW6nmLeXkXRtsZw8iWuHZnnsw=
-56,-32,qh5b6h6ystjxXPK9YnE08R4agrw=,X/BW6nmLeXkXRtsZw8iWuHZnnsw=
-54,-32,qh5b6h6ystjxXPK9YnE08R4agrw=,X/BW6nmLeXkXRtsZw8iWuHZnnsw=
-56,-25,qh5b6h6ystjxXPK9YnE08R4agrw=,X/BW6nmLeXkXRtsZw8iWuHZnnsw=
-50,-26,qh5b6h6ystjxXPK9YnE08R4agrw=,X/BW6nmLeXkXRtsZw8iWuHZnnsw=
-55,-32,qh5b6h6ystjxXPK9YnE08R4agrw=,X/BW6nmLeXkXRtsZw8iWuHZnnsw=
-49,-28,qh5b6h6ystjxXPK9YnE08R4agrw=,X/BW6nmLeXkXRtsZw8iWuHZnnsw=
-49,-25,qh5b6h6ystjxXPK9YnE08R4agrw=,X/BW6nmLeXkXRtsZw8iWuHZnnsw=
-49,-26,qh5b6h6ystjxXPK9YnE08R4agrw=,X/BW6nmLeXkXRtsZw8iWuHZnnsw=
-49,-24,qh5b6h6ystjxXPK9YnE08R4agrw=,NtpMr8wBphvnSV3BqoqNHbnkqkc=
-49,-27,qh5b6h6ystjxXPK9YnE08R4agrw=,X/BW6nmLeXkXRtsZw8iWuHZnnsw=
-60,-13,qh5b6h6ystjxXPK9YnE08R4agrw=,GX2DbUhweEKSj/eexuqH3QtGJO4=
-61,-13,qh5b6h6ystjxXPK9YnE08R4agrw=,GX2DbUhweEKSj/eexuqH3QtGJO4=
-62,-13,qh5b6h6ystjxXPK9YnE08R4agrw=,GX2DbUhweEKSj/eexuqH3QtGJO4=
-63,-13,qh5b6h6ystjxXPK9YnE08R4agrw=,GX2DbUhweEKSj/eexuqH3QtGJO4=
-64,-13,qh5b6h6ystjxXPK9YnE08R4agrw=,GX2DbUhweEKSj/eexuqH3QtGJO4=
-58,-9,qh5b6h6ystjxXPK9YnE08R4agrw=,GX2DbUhweEKSj/eexuqH3QtGJO4=
-58,-14,qh5b6h6ystjxXPK9YnE08R4agrw=,GX2DbUhweEKSj/eexuqH3QtGJO4=
-59,-9,qh5b6h6ystjxXPK9YnE08R4agrw=,GX2DbUhweEKSj/eexuqH3QtGJO4=
-60,-9,qh5b6h6ystjxXPK9YnE08R4agrw=,GX2DbUhweEKSj/eexuqH3QtGJO4=
-63,-14,qh5b6h6ystjxXPK9YnE08R4agrw=,GX2DbUhweEKSj/eexuqH3QtGJO4=
-61,-9,qh5b6h6ystjxXPK9YnE08R4agrw=,GX2DbUhweEKSj/eexuqH3QtGJO4=
-64,-14,qh5b6h6ystjxXPK9YnE08R4agrw=,GX2DbUhweEKSj/eexuqH3QtGJO4=
-62,-9,qh5b6h6ystjxXPK9YnE08R4agrw=,GX2DbUhweEKSj/eexuqH3QtGJO4=
-63,-9,qh5b6h6ystjxXPK9YnE08R4agrw=,GX2DbUhweEKSj/eexuqH3QtGJO4=
-64,-9,qh5b6h6ystjxXPK9YnE08R4agrw=,GX2DbUhweEKSj/eexuqH3QtGJO4=
-62,-14,qh5b6h6ystjxXPK9YnE08R4agrw=,GX2DbUhweEKSj/eexuqH3QtGJO4=
-59,-15,qh5b6h6ystjxXPK9YnE08R4agrw=,GX2DbUhweEKSj/eexuqH3QtGJO4=
-59,-14,qh5b6h6ystjxXPK9YnE08R4agrw=,GX2DbUhweEKSj/eexuqH3QtGJO4=
-61,-15,qh5b6h6ystjxXPK9YnE08R4agrw=,GX2DbUhweEKSj/eexuqH3QtGJO4=
-58,-15,qh5b6h6ystjxXPK9YnE08R4agrw=,GX2DbUhweEKSj/eexuqH3QtGJO4=
-61,-14,qh5b6h6ystjxXPK9YnE08R4agrw=,GX2DbUhweEKSj/eexuqH3QtGJO4=
-60,-15,qh5b6h6ystjxXPK9YnE08R4agrw=,GX2DbUhweEKSj/eexuqH3QtGJO4=
-59,-10,qh5b6h6ystjxXPK9YnE08R4agrw=,GX2DbUhweEKSj/eexuqH3QtGJO4=
-58,-10,qh5b6h6ystjxXPK9YnE08R4agrw=,GX2DbUhweEKSj/eexuqH3QtGJO4=
-60,-10,qh5b6h6ystjxXPK9YnE08R4agrw=,GX2DbUhweEKSj/eexuqH3QtGJO4=
-60,-14,qh5b6h6ystjxXPK9YnE08R4agrw=,GX2DbUhweEKSj/eexuqH3QtGJO4=
-58,-16,qh5b6h6ystjxXPK9YnE08R4agrw=,GX2DbUhweEKSj/eexuqH3QtGJO4=
-61,-10,qh5b6h6ystjxXPK9YnE08R4agrw=,GX2DbUhweEKSj/eexuqH3QtGJO4=
-59,-16,qh5b6h6ystjxXPK9YnE08R4agrw=,GX2DbUhweEKSj/eexuqH3QtGJO4=
-62,-10,qh5b6h6ystjxXPK9YnE08R4agrw=,GX2DbUhweEKSj/eexuqH3QtGJO4=
-60,-16,qh5b6h6ystjxXPK9YnE08R4agrw=,GX2DbUhweEKSj/eexuqH3QtGJO4=
-63,-10,qh5b6h6ystjxXPK9YnE08R4agrw=,GX2DbUhweEKSj/eexuqH3QtGJO4=
-64,-10,qh5b6h6ystjxXPK9YnE08R4agrw=,GX2DbUhweEKSj/eexuqH3QtGJO4=
-62,-15,qh5b6h6ystjxXPK9YnE08R4agrw=,GX2DbUhweEKSj/eexuqH3QtGJO4=
-61,-16,qh5b6h6ystjxXPK9YnE08R4agrw=,GX2DbUhweEKSj/eexuqH3QtGJO4=
-58,-11,qh5b6h6ystjxXPK9YnE08R4agrw=,GX2DbUhweEKSj/eexuqH3QtGJO4=
-59,-11,qh5b6h6ystjxXPK9YnE08R4agrw=,GX2DbUhweEKSj/eexuqH3QtGJO4=
-60,-11,qh5b6h6ystjxXPK9YnE08R4agrw=,GX2DbUhweEKSj/eexuqH3QtGJO4=
-62,-16,qh5b6h6ystjxXPK9YnE08R4agrw=,GX2DbUhweEKSj/eexuqH3QtGJO4=
-63,-15,qh5b6h6ystjxXPK9YnE08R4agrw=,GX2DbUhweEKSj/eexuqH3QtGJO4=
-63,-16,qh5b6h6ystjxXPK9YnE08R4agrw=,GX2DbUhweEKSj/eexuqH3QtGJO4=
-61,-11,qh5b6h6ystjxXPK9YnE08R4agrw=,GX2DbUhweEKSj/eexuqH3QtGJO4=
-62,-11,qh5b6h6ystjxXPK9YnE08R4agrw=,GX2DbUhweEKSj/eexuqH3QtGJO4=
-63,-11,qh5b6h6ystjxXPK9YnE08R4agrw=,GX2DbUhweEKSj/eexuqH3QtGJO4=
-64,-15,qh5b6h6ystjxXPK9YnE08R4agrw=,GX2DbUhweEKSj/eexuqH3QtGJO4=
-64,-11,qh5b6h6ystjxXPK9YnE08R4agrw=,GX2DbUhweEKSj/eexuqH3QtGJO4=
-64,-16,qh5b6h6ystjxXPK9YnE08R4agrw=,GX2DbUhweEKSj/eexuqH3QtGJO4=
-60,-12,qh5b6h6ystjxXPK9YnE08R4agrw=,GX2DbUhweEKSj/eexuqH3QtGJO4=
-61,-12,qh5b6h6ystjxXPK9YnE08R4agrw=,GX2DbUhweEKSj/eexuqH3QtGJO4=
-62,-12,qh5b6h6ystjxXPK9YnE08R4agrw=,GX2DbUhweEKSj/eexuqH3QtGJO4=
-63,-12,qh5b6h6ystjxXPK9YnE08R4agrw=,GX2DbUhweEKSj/eexuqH3QtGJO4=
-59,-12,qh5b6h6ystjxXPK9YnE08R4agrw=,GX2DbUhweEKSj/eexuqH3QtGJO4=
-64,-12,qh5b6h6ystjxXPK9YnE08R4agrw=,GX2DbUhweEKSj/eexuqH3QtGJO4=
-58,-13,qh5b6h6ystjxXPK9YnE08R4agrw=,GX2DbUhweEKSj/eexuqH3QtGJO4=
-59,-13,qh5b6h6ystjxXPK9YnE08R4agrw=,GX2DbUhweEKSj/eexuqH3QtGJO4=
-58,-12,qh5b6h6ystjxXPK9YnE08R4agrw=,GX2DbUhweEKSj/eexuqH3QtGJO4=
-53,-3,qh5b6h6ystjxXPK9YnE08R4agrw=,jDyR+332FerkW2TDfV47POo7BgI=
-56,-6,qh5b6h6ystjxXPK9YnE08R4agrw=,jDyR+332FerkW2TDfV47POo7BgI=
-54,-3,qh5b6h6ystjxXPK9YnE08R4agrw=,jDyR+332FerkW2TDfV47POo7BgI=
-53,-1,qh5b6h6ystjxXPK9YnE08R4agrw=,jDyR+332FerkW2TDfV47POo7BgI=
-49,-4,qh5b6h6ystjxXPK9YnE08R4agrw=,jDyR+332FerkW2TDfV47POo7BgI=
-54,-6,qh5b6h6ystjxXPK9YnE08R4agrw=,jDyR+332FerkW2TDfV47POo7BgI=
-49,-7,qh5b6h6ystjxXPK9YnE08R4agrw=,jDyR+332FerkW2TDfV47POo7BgI=
-55,-6,qh5b6h6ystjxXPK9YnE08R4agrw=,jDyR+332FerkW2TDfV47POo7BgI=
-54,-1,qh5b6h6ystjxXPK9YnE08R4agrw=,jDyR+332FerkW2TDfV47POo7BgI=
-53,-6,qh5b6h6ystjxXPK9YnE08R4agrw=,jDyR+332FerkW2TDfV47POo7BgI=
-50,-4,qh5b6h6ystjxXPK9YnE08R4agrw=,jDyR+332FerkW2TDfV47POo7BgI=
-50,-7,qh5b6h6ystjxXPK9YnE08R4agrw=,jDyR+332FerkW2TDfV47POo7BgI=
-56,-5,qh5b6h6ystjxXPK9YnE08R4agrw=,jDyR+332FerkW2TDfV47POo7BgI=
-52,-6,qh5b6h6ystjxXPK9YnE08R4agrw=,jDyR+332FerkW2TDfV47POo7BgI=
-53,-7,qh5b6h6ystjxXPK9YnE08R4agrw=,jDyR+332FerkW2TDfV47POo7BgI=
-51,-4,qh5b6h6ystjxXPK9YnE08R4agrw=,jDyR+332FerkW2TDfV47POo7BgI=
-50,-5,qh5b6h6ystjxXPK9YnE08R4agrw=,jDyR+332FerkW2TDfV47POo7BgI=
-55,-1,qh5b6h6ystjxXPK9YnE08R4agrw=,jDyR+332FerkW2TDfV47POo7BgI=
-51,-6,qh5b6h6ystjxXPK9YnE08R4agrw=,jDyR+332FerkW2TDfV47POo7BgI=
-52,-1,qh5b6h6ystjxXPK9YnE08R4agrw=,jDyR+332FerkW2TDfV47POo7BgI=
-51,-7,qh5b6h6ystjxXPK9YnE08R4agrw=,jDyR+332FerkW2TDfV47POo7BgI=
-50,-6,qh5b6h6ystjxXPK9YnE08R4agrw=,jDyR+332FerkW2TDfV47POo7BgI=
-56,-1,qh5b6h6ystjxXPK9YnE08R4agrw=,jDyR+332FerkW2TDfV47POo7BgI=
-51,-5,qh5b6h6ystjxXPK9YnE08R4agrw=,jDyR+332FerkW2TDfV47POo7BgI=
-54,-5,qh5b6h6ystjxXPK9YnE08R4agrw=,jDyR+332FerkW2TDfV47POo7BgI=
-55,-5,qh5b6h6ystjxXPK9YnE08R4agrw=,jDyR+332FerkW2TDfV47POo7BgI=
-53,-4,qh5b6h6ystjxXPK9YnE08R4agrw=,jDyR+332FerkW2TDfV47POo7BgI=
-53,-5,qh5b6h6ystjxXPK9YnE08R4agrw=,jDyR+332FerkW2TDfV47POo7BgI=
-53,-2,qh5b6h6ystjxXPK9YnE08R4agrw=,jDyR+332FerkW2TDfV47POo7BgI=
-52,-2,qh5b6h6ystjxXPK9YnE08R4agrw=,jDyR+332FerkW2TDfV47POo7BgI=
-55,-3,qh5b6h6ystjxXPK9YnE08R4agrw=,jDyR+332FerkW2TDfV47POo7BgI=
-49,-2,qh5b6h6ystjxXPK9YnE08R4agrw=,jDyR+332FerkW2TDfV47POo7BgI=
-49,-6,qh5b6h6ystjxXPK9YnE08R4agrw=,jDyR+332FerkW2TDfV47POo7BgI=
-51,-2,qh5b6h6ystjxXPK9YnE08R4agrw=,jDyR+332FerkW2TDfV47POo7BgI=
-54,-2,qh5b6h6ystjxXPK9YnE08R4agrw=,jDyR+332FerkW2TDfV47POo7BgI=
-55,-2,qh5b6h6ystjxXPK9YnE08R4agrw=,jDyR+332FerkW2TDfV47POo7BgI=
-50,-2,qh5b6h6ystjxXPK9YnE08R4agrw=,jDyR+332FerkW2TDfV47POo7BgI=
-56,-2,qh5b6h6ystjxXPK9YnE08R4agrw=,jDyR+332FerkW2TDfV47POo7BgI=
-54,-4,qh5b6h6ystjxXPK9YnE08R4agrw=,jDyR+332FerkW2TDfV47POo7BgI=
-55,-4,qh5b6h6ystjxXPK9YnE08R4agrw=,jDyR+332FerkW2TDfV47POo7BgI=
-49,-3,qh5b6h6ystjxXPK9YnE08R4agrw=,jDyR+332FerkW2TDfV47POo7BgI=
-56,-4,qh5b6h6ystjxXPK9YnE08R4agrw=,jDyR+332FerkW2TDfV47POo7BgI=
-56,-3,qh5b6h6ystjxXPK9YnE08R4agrw=,jDyR+332FerkW2TDfV47POo7BgI=
-51,-1,qh5b6h6ystjxXPK9YnE08R4agrw=,jDyR+332FerkW2TDfV47POo7BgI=
-54,-7,qh5b6h6ystjxXPK9YnE08R4agrw=,jDyR+332FerkW2TDfV47POo7BgI=
-55,-7,qh5b6h6ystjxXPK9YnE08R4agrw=,jDyR+332FerkW2TDfV47POo7BgI=
-56,-7,qh5b6h6ystjxXPK9YnE08R4agrw=,jDyR+332FerkW2TDfV47POo7BgI=
-50,-1,qh5b6h6ystjxXPK9YnE08R4agrw=,jDyR+332FerkW2TDfV47POo7BgI=
-49,-5,qh5b6h6ystjxXPK9YnE08R4agrw=,jDyR+332FerkW2TDfV47POo7BgI=
-50,-3,qh5b6h6ystjxXPK9YnE08R4agrw=,jDyR+332FerkW2TDfV47POo7BgI=
-51,-3,qh5b6h6ystjxXPK9YnE08R4agrw=,jDyR+332FerkW2TDfV47POo7BgI=
-52,-3,qh5b6h6ystjxXPK9YnE08R4agrw=,jDyR+332FerkW2TDfV47POo7BgI=
-52,-7,qh5b6h6ystjxXPK9YnE08R4agrw=,jDyR+332FerkW2TDfV47POo7BgI=
-52,-5,qh5b6h6ystjxXPK9YnE08R4agrw=,jDyR+332FerkW2TDfV47POo7BgI=
-49,-1,qh5b6h6ystjxXPK9YnE08R4agrw=,jDyR+332FerkW2TDfV47POo7BgI=
-52,-4,qh5b6h6ystjxXPK9YnE08R4agrw=,jDyR+332FerkW2TDfV47POo7BgI=
-57,-14,qh5b6h6ystjxXPK9YnE08R4agrw=,GX2DbUhweEKSj/eexuqH3QtGJO4=
-52,-11,qh5b6h6ystjxXPK9YnE08R4agrw=,Znlch4FUbDAskZizF4GpCEvqKak=
-57,-9,qh5b6h6ystjxXPK9YnE08R4agrw=,GX2DbUhweEKSj/eexuqH3QtGJO4=
-55,-11,qh5b6h6ystjxXPK9YnE08R4agrw=,Znlch4FUbDAskZizF4GpCEvqKak=
-54,-11,qh5b6h6ystjxXPK9YnE08R4agrw=,Znlch4FUbDAskZizF4GpCEvqKak=
-51,-12,qh5b6h6ystjxXPK9YnE08R4agrw=,Znlch4FUbDAskZizF4GpCEvqKak=
-57,-15,qh5b6h6ystjxXPK9YnE08R4agrw=,GX2DbUhweEKSj/eexuqH3QtGJO4=
-49,-12,qh5b6h6ystjxXPK9YnE08R4agrw=,Znlch4FUbDAskZizF4GpCEvqKak=
-53,-11,qh5b6h6ystjxXPK9YnE08R4agrw=,Znlch4FUbDAskZizF4GpCEvqKak=
-50,-12,qh5b6h6ystjxXPK9YnE08R4agrw=,Znlch4FUbDAskZizF4GpCEvqKak=
-55,-12,qh5b6h6ystjxXPK9YnE08R4agrw=,Znlch4FUbDAskZizF4GpCEvqKak=
-56,-11,qh5b6h6ystjxXPK9YnE08R4agrw=,Znlch4FUbDAskZizF4GpCEvqKak=
-54,-12,qh5b6h6ystjxXPK9YnE08R4agrw=,Znlch4FUbDAskZizF4GpCEvqKak=
-52,-12,qh5b6h6ystjxXPK9YnE08R4agrw=,Znlch4FUbDAskZizF4GpCEvqKak=
-57,-16,qh5b6h6ystjxXPK9YnE08R4agrw=,GX2DbUhweEKSj/eexuqH3QtGJO4=
-51,-13,qh5b6h6ystjxXPK9YnE08R4agrw=,Znlch4FUbDAskZizF4GpCEvqKak=
-52,-13,qh5b6h6ystjxXPK9YnE08R4agrw=,Znlch4FUbDAskZizF4GpCEvqKak=
-53,-13,qh5b6h6ystjxXPK9YnE08R4agrw=,Znlch4FUbDAskZizF4GpCEvqKak=
-54,-13,qh5b6h6ystjxXPK9YnE08R4agrw=,Znlch4FUbDAskZizF4GpCEvqKak=
-56,-13,qh5b6h6ystjxXPK9YnE08R4agrw=,Znlch4FUbDAskZizF4GpCEvqKak=
-55,-13,qh5b6h6ystjxXPK9YnE08R4agrw=,Znlch4FUbDAskZizF4GpCEvqKak=
-53,-12,qh5b6h6ystjxXPK9YnE08R4agrw=,Znlch4FUbDAskZizF4GpCEvqKak=
-50,-13,qh5b6h6ystjxXPK9YnE08R4agrw=,Znlch4FUbDAskZizF4GpCEvqKak=
-51,-14,qh5b6h6ystjxXPK9YnE08R4agrw=,Znlch4FUbDAskZizF4GpCEvqKak=
-50,-14,qh5b6h6ystjxXPK9YnE08R4agrw=,Znlch4FUbDAskZizF4GpCEvqKak=
-52,-8,qh5b6h6ystjxXPK9YnE08R4agrw=,jDyR+332FerkW2TDfV47POo7BgI=
-49,-9,qh5b6h6ystjxXPK9YnE08R4agrw=,Znlch4FUbDAskZizF4GpCEvqKak=
-50,-9,qh5b6h6ystjxXPK9YnE08R4agrw=,Znlch4FUbDAskZizF4GpCEvqKak=
-52,-14,qh5b6h6ystjxXPK9YnE08R4agrw=,Znlch4FUbDAskZizF4GpCEvqKak=
-53,-14,qh5b6h6ystjxXPK9YnE08R4agrw=,Znlch4FUbDAskZizF4GpCEvqKak=
-51,-9,qh5b6h6ystjxXPK9YnE08R4agrw=,Znlch4FUbDAskZizF4GpCEvqKak=
-54,-14,qh5b6h6ystjxXPK9YnE08R4agrw=,Znlch4FUbDAskZizF4GpCEvqKak=
-55,-14,qh5b6h6ystjxXPK9YnE08R4agrw=,Znlch4FUbDAskZizF4GpCEvqKak=
-56,-14,qh5b6h6ystjxXPK9YnE08R4agrw=,Znlch4FUbDAskZizF4GpCEvqKak=
-52,-9,qh5b6h6ystjxXPK9YnE08R4agrw=,Znlch4FUbDAskZizF4GpCEvqKak=
-51,-11,qh5b6h6ystjxXPK9YnE08R4agrw=,Znlch4FUbDAskZizF4GpCEvqKak=
-49,-13,qh5b6h6ystjxXPK9YnE08R4agrw=,Znlch4FUbDAskZizF4GpCEvqKak=
-50,-15,qh5b6h6ystjxXPK9YnE08R4agrw=,Znlch4FUbDAskZizF4GpCEvqKak=
-51,-15,qh5b6h6ystjxXPK9YnE08R4agrw=,Znlch4FUbDAskZizF4GpCEvqKak=
-53,-9,qh5b6h6ystjxXPK9YnE08R4agrw=,Znlch4FUbDAskZizF4GpCEvqKak=
-53,-8,qh5b6h6ystjxXPK9YnE08R4agrw=,jDyR+332FerkW2TDfV47POo7BgI=
-52,-15,qh5b6h6ystjxXPK9YnE08R4agrw=,Znlch4FUbDAskZizF4GpCEvqKak=
-54,-9,qh5b6h6ystjxXPK9YnE08R4agrw=,Znlch4FUbDAskZizF4GpCEvqKak=
-53,-15,qh5b6h6ystjxXPK9YnE08R4agrw=,Znlch4FUbDAskZizF4GpCEvqKak=
-54,-15,qh5b6h6ystjxXPK9YnE08R4agrw=,Znlch4FUbDAskZizF4GpCEvqKak=
-55,-15,qh5b6h6ystjxXPK9YnE08R4agrw=,Znlch4FUbDAskZizF4GpCEvqKak=
-56,-15,qh5b6h6ystjxXPK9YnE08R4agrw=,Znlch4FUbDAskZizF4GpCEvqKak=
-49,-16,qh5b6h6ystjxXPK9YnE08R4agrw=,Znlch4FUbDAskZizF4GpCEvqKak=
-51,-16,qh5b6h6ystjxXPK9YnE08R4agrw=,Znlch4FUbDAskZizF4GpCEvqKak=
-50,-16,qh5b6h6ystjxXPK9YnE08R4agrw=,Znlch4FUbDAskZizF4GpCEvqKak=
-52,-16,qh5b6h6ystjxXPK9YnE08R4agrw=,Znlch4FUbDAskZizF4GpCEvqKak=
-53,-16,qh5b6h6ystjxXPK9YnE08R4agrw=,Znlch4FUbDAskZizF4GpCEvqKak=
-49,-15,qh5b6h6ystjxXPK9YnE08R4agrw=,Znlch4FUbDAskZizF4GpCEvqKak=
-54,-16,qh5b6h6ystjxXPK9YnE08R4agrw=,Znlch4FUbDAskZizF4GpCEvqKak=
-55,-16,qh5b6h6ystjxXPK9YnE08R4agrw=,Znlch4FUbDAskZizF4GpCEvqKak=
-57,-13,qh5b6h6ystjxXPK9YnE08R4agrw=,GX2DbUhweEKSj/eexuqH3QtGJO4=
-56,-16,qh5b6h6ystjxXPK9YnE08R4agrw=,Znlch4FUbDAskZizF4GpCEvqKak=
-54,-8,qh5b6h6ystjxXPK9YnE08R4agrw=,jDyR+332FerkW2TDfV47POo7BgI=
-49,-8,qh5b6h6ystjxXPK9YnE08R4agrw=,jDyR+332FerkW2TDfV47POo7BgI=
-55,-9,qh5b6h6ystjxXPK9YnE08R4agrw=,Znlch4FUbDAskZizF4GpCEvqKak=
-50,-8,qh5b6h6ystjxXPK9YnE08R4agrw=,jDyR+332FerkW2TDfV47POo7BgI=
-51,-8,qh5b6h6ystjxXPK9YnE08R4agrw=,jDyR+332FerkW2TDfV47POo7BgI=
-49,-10,qh5b6h6ystjxXPK9YnE08R4agrw=,Znlch4FUbDAskZizF4GpCEvqKak=
-55,-8,qh5b6h6ystjxXPK9YnE08R4agrw=,jDyR+332FerkW2TDfV47POo7BgI=
-57,-12,qh5b6h6ystjxXPK9YnE08R4agrw=,GX2DbUhweEKSj/eexuqH3QtGJO4=
-56,-8,qh5b6h6ystjxXPK9YnE08R4agrw=,jDyR+332FerkW2TDfV47POo7BgI=
-50,-10,qh5b6h6ystjxXPK9YnE08R4agrw=,Znlch4FUbDAskZizF4GpCEvqKak=
-52,-10,qh5b6h6ystjxXPK9YnE08R4agrw=,Znlch4FUbDAskZizF4GpCEvqKak=
-57,-10,qh5b6h6ystjxXPK9YnE08R4agrw=,GX2DbUhweEKSj/eexuqH3QtGJO4=
-49,-14,qh5b6h6ystjxXPK9YnE08R4agrw=,Znlch4FUbDAskZizF4GpCEvqKak=
-56,-9,qh5b6h6ystjxXPK9YnE08R4agrw=,Znlch4FUbDAskZizF4GpCEvqKak=
-50,-11,qh5b6h6ystjxXPK9YnE08R4agrw=,Znlch4FUbDAskZizF4GpCEvqKak=
-49,-11,qh5b6h6ystjxXPK9YnE08R4agrw=,Znlch4FUbDAskZizF4GpCEvqKak=
-53,-10,qh5b6h6ystjxXPK9YnE08R4agrw=,Znlch4FUbDAskZizF4GpCEvqKak=
-57,-11,qh5b6h6ystjxXPK9YnE08R4agrw=,GX2DbUhweEKSj/eexuqH3QtGJO4=
-51,-10,qh5b6h6ystjxXPK9YnE08R4agrw=,Znlch4FUbDAskZizF4GpCEvqKak=
-56,-12,qh5b6h6ystjxXPK9YnE08R4agrw=,Znlch4FUbDAskZizF4GpCEvqKak=
-54,-10,qh5b6h6ystjxXPK9YnE08R4agrw=,Znlch4FUbDAskZizF4GpCEvqKak=
-56,-10,qh5b6h6ystjxXPK9YnE08R4agrw=,Znlch4FUbDAskZizF4GpCEvqKak=
-55,-10,qh5b6h6ystjxXPK9YnE08R4agrw=,Znlch4FUbDAskZizF4GpCEvqKak=
